user_id,mmd_id,screen_id,task_start,task_end
msnv1,27,mmd,13:49:04.623000,13:50:26.148000
msnv1,27,questions,13:50:26.155000,13:51:06.592000
msnv1,60,mmd,13:51:06.633000,13:52:23.708000
msnv1,60,questions,13:52:23.719000,13:53:01.872000
msnv1,11,mmd,13:53:01.903000,13:54:19.388000
msnv1,11,questions,13:54:19.409000,13:54:52.025000
msnv1,30,mmd,13:54:52.043000,13:56:12.107000
msnv1,30,questions,13:56:12.117000,13:56:46.359000
msnv1,62,mmd,13:56:46.377000,13:57:51.888000
msnv1,62,questions,13:57:51.909000,13:58:49.992000
msnv1,72,mmd,13:58:50.015000,14:00:05.889000
msnv1,72,questions,14:00:05.910000,14:00:32.879000
msnv1,28,mmd,14:00:32.909000,14:01:29.656000
msnv1,28,questions,14:01:29.666000,14:01:47.747000
msnv1,74,mmd,14:01:47.766000,14:02:42.542000
msnv1,74,questions,14:02:42.555000,14:02:55.945000
msnv1,5,mmd,14:02:55.960000,14:04:33.820000
msnv1,5,questions,14:04:33.830000,14:05:12.337000
msnv1,20,mmd,14:05:12.355000,14:05:50.064000
msnv1,20,questions,14:05:50.077000,14:06:07.287000
msnv1,76,mmd,14:06:07.306000,14:06:44.985000
msnv1,76,questions,14:06:44.995000,14:07:06.809000
msnv1,66,mmd,14:07:06.828000,14:08:08.193000
msnv1,66,questions,14:08:08.203000,14:08:19.920000
msnv1,9,mmd,14:08:19.938000,14:08:59.275000
msnv1,9,questions,14:08:59.285000,14:09:17.775000
msnv1,3,mmd,14:09:17.793000,14:10:37.755000
msnv1,3,questions,14:10:37.770000,14:11:06.522000
msnv4,74,questions,16:31:32.043000,16:31:45.705000
msnv4,74,mmd,16:30:53.235000,16:31:31.964000
msnv4,11,questions,16:30:32.640000,16:30:52.993000
msnv4,11,mmd,16:29:39.784000,16:30:32.481000
msnv4,28,questions,16:29:23.115000,16:29:39.465000
msnv4,28,mmd,16:28:38.153000,16:29:23.031000
msnv4,76,questions,16:28:17.101000,16:28:37.953000
msnv4,76,mmd,16:27:29.514000,16:28:16.676000
msnv4,60,questions,16:27:07.234000,16:27:29.272000
msnv4,60,mmd,16:26:25.719000,16:27:06.982000
msnv4,3,questions,16:25:49.861000,16:26:25.411000
msnv4,3,mmd,16:24:32.919000,16:25:49.721000
msnv4,20,questions,16:24:09.605000,16:24:32.681000
msnv4,20,mmd,16:23:19.568000,16:24:09.432000
msnv4,66,questions,16:23:06.459000,16:23:19.280000
msnv4,66,mmd,16:22:21.782000,16:23:06.376000
msnv4,5,questions,16:21:52.215000,16:22:21.481000
msnv4,5,mmd,16:20:31.929000,16:21:52.091000
msnv4,62,questions,16:20:06.010000,16:20:31.569000
msnv4,62,mmd,16:19:16.786000,16:20:05.893000
msnv4,72,questions,16:18:52.673000,16:19:16.513000
msnv4,72,mmd,16:17:52.447000,16:18:52.519000
msnv4,9,questions,16:17:33.522000,16:17:52.129000
msnv4,9,mmd,16:16:37.954000,16:17:33.409000
msnv4,27,questions,16:16:22.167000,16:16:37.701000
msnv4,27,mmd,16:15:20.630000,16:16:22.081000
msnv4,30,questions,16:14:32.523000,16:15:20.370000
msnv4,30,mmd,16:13:24.565000,16:14:32.452000
msnv3,9,questions,14:42:11.591000,14:42:31.843000
msnv3,9,mmd,14:41:38.644000,14:42:11.197000
msnv3,60,questions,14:41:23.862000,14:41:38.412000
msnv3,60,mmd,14:40:53.572000,14:41:23.757000
msnv3,20,questions,14:40:37.075000,14:40:53.330000
msnv3,20,mmd,14:40:11.673000,14:40:36.955000
msnv3,5,questions,14:39:36.087000,14:40:11.421000
msnv3,5,mmd,14:38:33.412000,14:39:35.975000
msnv3,66,questions,14:38:21.910000,14:38:33.187000
msnv3,66,mmd,14:37:42.088000,14:38:21.667000
msnv3,72,questions,14:37:26.476000,14:37:41.773000
msnv3,72,mmd,14:36:49.608000,14:37:26.389000
msnv3,27,questions,14:36:22.011000,14:36:49.307000
msnv3,27,mmd,14:35:54.830000,14:36:21.897000
msnv3,28,questions,14:35:35.858000,14:35:54.459000
msnv3,28,mmd,14:34:24.608000,14:35:35.708000
msnv3,3,questions,14:33:52.251000,14:34:24.388000
msnv3,3,mmd,14:32:10.792000,14:33:52.082000
msnv3,74,questions,14:31:54.540000,14:32:10.532000
msnv3,74,mmd,14:31:17.860000,14:31:54.387000
msnv3,30,questions,14:30:55.341000,14:31:17.562000
msnv3,30,mmd,14:30:14.940000,14:30:55.243000
msnv3,11,questions,14:29:45.616000,14:30:14.705000
msnv3,11,mmd,14:28:55.151000,14:29:45.409000
msnv3,62,questions,14:28:06.672000,14:28:54.705000
msnv3,62,mmd,14:26:53.141000,14:28:06.578000
msnv3,76,questions,14:26:12.642000,14:26:52.833000
msnv3,76,mmd,14:24:24.365000,14:26:12.557000
msnv2,60,questions,15:44:51.509000,15:45:06.260000
msnv2,60,mmd,15:44:17.208000,15:44:51.435000
msnv2,30,questions,15:44:00.740000,15:44:16.997000
msnv2,30,mmd,15:43:14.996000,15:44:00.675000
msnv2,62,questions,15:42:47.326000,15:43:14.775000
msnv2,62,mmd,15:41:38.779000,15:42:47.157000
msnv2,72,questions,15:41:23.539000,15:41:38.534000
msnv2,72,mmd,15:40:18.664000,15:41:23.461000
msnv2,9,questions,15:39:56.145000,15:40:18.318000
msnv2,9,mmd,15:39:01.029000,15:39:56.089000
msnv2,20,questions,15:38:47.443000,15:39:00.678000
msnv2,20,mmd,15:38:13.979000,15:38:47.303000
msnv2,27,questions,15:37:48.841000,15:38:13.725000
msnv2,27,mmd,15:36:49.581000,15:37:48.776000
msnv5,20,mmd,17:45:13.755000,17:46:06.646000
msnv5,20,questions,17:46:06.669000,17:46:28.919000
msnv5,66,mmd,17:46:28.935000,17:47:18.805000
msnv5,66,questions,17:47:18.817000,17:47:42.633000
msnv5,11,mmd,17:47:42.649000,17:48:18.031000
msnv5,11,questions,17:48:18.041000,17:48:51.265000
msnv5,76,mmd,17:48:51.282000,17:49:44.003000
msnv5,76,questions,17:49:44.014000,17:50:00.689000
msnv5,9,mmd,17:50:00.733000,17:50:47.776000
msnv5,9,questions,17:50:47.786000,17:51:33.360000
msnv5,30,mmd,17:51:33.376000,17:52:30.712000
msnv5,30,questions,17:52:30.722000,17:52:50.855000
msnv5,28,mmd,17:52:50.872000,17:53:47.233000
msnv5,28,questions,17:53:47.244000,17:54:12.455000
msnv5,74,mmd,17:54:12.467000,17:54:56.594000
msnv5,74,questions,17:54:56.604000,17:55:14.895000
msnv5,3,mmd,17:55:14.911000,17:56:29.571000
msnv5,3,questions,17:56:29.585000,17:56:54.175000
msnv5,62,mmd,17:56:54.192000,17:57:53.511000
msnv5,62,questions,17:57:53.521000,17:59:00.072000
msnv5,60,mmd,17:59:00.092000,17:59:22.470000
msnv5,60,questions,17:59:22.481000,17:59:36.574000
msnv5,27,mmd,17:59:36.591000,18:00:26.576000
msnv5,27,questions,18:00:26.586000,18:00:48.975000
msnv5,72,mmd,18:00:48.991000,18:01:36.340000
msnv5,72,questions,18:01:36.350000,18:01:56.527000
msnv5,5,mmd,18:01:56.544000,18:03:53.860000
msnv5,5,questions,18:03:53.870000,18:04:26.591000
msnv6,66,mmd,09:34:59.316000,09:35:31.294000
msnv6,66,questions,09:35:31.303000,09:35:56.847000
msnv6,27,mmd,09:35:56.864000,09:36:32.867000
msnv6,27,questions,09:36:32.877000,09:36:56.840000
msnv6,11,mmd,09:36:56.856000,09:37:26.856000
msnv6,11,questions,09:37:26.867000,09:37:56.488000
msnv6,20,mmd,09:37:56.504000,09:38:20.741000
msnv6,20,questions,09:38:20.754000,09:38:36.408000
msnv6,60,mmd,09:38:36.425000,09:39:01.789000
msnv6,60,questions,09:39:01.799000,09:39:16.472000
msnv6,9,mmd,09:39:16.489000,09:39:48.206000
msnv6,9,questions,09:39:48.216000,09:40:15.458000
msnv6,3,mmd,09:40:15.480000,09:40:56.884000
msnv6,3,questions,09:40:56.894000,09:41:22.240000
msnv6,74,mmd,09:41:22.256000,09:41:45.900000
msnv6,74,questions,09:41:45.910000,09:41:59.168000
msnv6,30,mmd,09:41:59.185000,09:42:22.549000
msnv6,30,questions,09:42:22.554000,09:42:38.055000
msnv6,28,mmd,09:42:38.072000,09:43:06.837000
msnv6,28,questions,09:43:06.847000,09:43:20.344000
msnv6,76,mmd,09:43:20.361000,09:43:47.858000
msnv6,76,questions,09:43:47.868000,09:44:01.390000
msnv6,72,mmd,09:44:01.407000,09:44:26.163000
msnv6,72,questions,09:44:26.174000,09:44:50.663000
msnv6,5,mmd,09:44:50.679000,09:45:36.497000
msnv6,5,questions,09:45:36.507000,09:46:03.961000
msnv6,62,mmd,09:46:03.978000,09:46:23.049000
msnv6,62,questions,09:46:23.060000,09:46:44.432000
msnv10,72,mmd,12:10:46.563000,12:12:27.494000
msnv10,72,questions,12:12:27.503000,12:12:52.038000
msnv10,28,mmd,12:12:52.054000,12:14:31.275000
msnv10,28,questions,12:14:31.285000,12:15:37.205000
msnv10,20,mmd,12:15:37.222000,12:16:58.931000
msnv10,20,questions,12:16:58.940000,12:17:12.012000
msnv10,11,mmd,12:17:12.028000,12:18:58.871000
msnv10,11,questions,12:18:58.881000,12:19:26.422000
msnv10,74,mmd,12:19:26.438000,12:20:47.813000
msnv10,74,questions,12:20:47.823000,12:21:01.725000
msnv10,5,mmd,12:21:01.741000,12:23:14.977000
msnv10,5,questions,12:23:14.987000,12:24:32.093000
msnv10,3,mmd,12:24:32.121000,12:26:53.875000
msnv10,3,questions,12:26:53.885000,12:27:15.447000
msnv10,62,mmd,12:27:15.463000,12:29:02.045000
msnv10,62,questions,12:29:02.054000,12:30:09.684000
msnv10,66,mmd,12:30:09.701000,12:31:15.211000
msnv10,66,questions,12:31:15.221000,12:31:28.452000
msnv10,76,mmd,12:31:28.468000,12:32:13.944000
msnv10,76,questions,12:32:13.954000,12:32:56.163000
msnv10,30,mmd,12:32:56.180000,12:33:46.820000
msnv10,30,questions,12:33:46.829000,12:34:07.236000
msnv10,60,mmd,12:34:07.253000,12:34:58.003000
msnv10,60,questions,12:34:58.013000,12:35:42.653000
msnv10,27,mmd,12:35:42.674000,12:37:04.721000
msnv10,27,questions,12:37:04.730000,12:37:21.677000
msnv10,9,mmd,12:37:21.689000,12:38:18.188000
msnv10,9,questions,12:38:18.198000,12:38:41.732000
msnv21,9,mmd,13:39:32.816000,13:40:13.704000
msnv21,9,questions,13:40:13.714000,13:40:36.005000
msnv21,30,mmd,13:40:36.021000,13:41:12.238000
msnv21,30,questions,13:41:12.249000,13:41:27.843000
msnv21,62,mmd,13:41:27.864000,13:42:17.144000
msnv21,62,questions,13:42:17.154000,13:42:54.956000
msnv21,74,mmd,13:42:54.972000,13:43:22.756000
msnv21,74,questions,13:43:22.767000,13:43:31.170000
msnv21,3,mmd,13:43:31.198000,13:45:22.091000
msnv21,3,questions,13:45:22.101000,13:45:50.220000
msnv21,76,mmd,13:45:50.236000,13:46:24.321000
msnv21,76,questions,13:46:24.332000,13:46:47.499000
msnv21,27,mmd,13:46:47.515000,13:47:36.538000
msnv21,27,questions,13:47:36.548000,13:47:55.834000
msnv21,11,mmd,13:47:55.850000,13:48:29.709000
msnv21,11,questions,13:48:29.719000,13:48:45.876000
msnv21,20,mmd,13:48:45.893000,13:49:08.033000
msnv21,20,questions,13:49:08.043000,13:49:38.451000
msnv21,60,mmd,13:49:38.468000,13:50:05.594000
msnv21,60,questions,13:50:05.604000,13:50:18.277000
msnv21,28,mmd,13:50:18.293000,13:51:03.209000
msnv21,28,questions,13:51:03.219000,13:51:22.724000
msnv21,5,mmd,13:51:22.740000,13:52:28.383000
msnv21,5,questions,13:52:28.393000,13:53:01.444000
msnv21,72,mmd,13:53:01.456000,13:53:34.613000
msnv21,72,questions,13:53:34.623000,13:53:48.540000
msnv21,66,mmd,13:53:48.556000,13:54:13.820000
msnv21,66,questions,13:54:13.830000,13:54:21.897000
msnv11,76,mmd,15:11:49.839000,15:12:28.065000
msnv11,76,questions,15:12:28.075000,15:12:50.212000
msnv11,9,mmd,15:12:50.229000,15:13:41.346000
msnv11,9,questions,15:13:41.352000,15:14:15.732000
msnv11,5,mmd,15:14:15.749000,15:15:40.955000
msnv11,5,questions,15:15:40.966000,15:16:03.579000
msnv11,72,mmd,15:16:03.596000,15:17:05.658000
msnv11,72,questions,15:17:05.669000,15:17:24.102000
msnv11,62,mmd,15:17:24.122000,15:18:04.179000
msnv11,62,questions,15:18:04.189000,15:18:35.726000
msnv11,20,mmd,15:18:35.744000,15:19:16.299000
msnv11,20,questions,15:19:16.308000,15:19:28.931000
msnv11,27,mmd,15:19:28.949000,15:20:06.055000
msnv11,27,questions,15:20:06.064000,15:20:20.634000
msnv11,3,mmd,15:20:20.652000,15:21:13.799000
msnv11,3,questions,15:21:13.809000,15:21:51.821000
msnv11,74,mmd,15:21:51.839000,15:22:23.556000
msnv11,74,questions,15:22:23.567000,15:22:37.268000
msnv11,60,mmd,15:22:37.288000,15:23:06.118000
msnv11,60,questions,15:23:06.128000,15:23:57.044000
msnv11,11,mmd,15:23:57.062000,15:24:43.151000
msnv11,11,questions,15:24:43.162000,15:25:05.625000
msnv11,28,mmd,15:25:05.646000,15:25:41.614000
msnv11,28,questions,15:25:41.624000,15:25:57.701000
msnv11,30,mmd,15:25:57.718000,15:26:35.205000
msnv11,30,questions,15:26:35.215000,15:26:51.917000
msnv11,66,mmd,15:26:51.935000,15:27:18.787000
msnv11,66,questions,15:27:18.797000,15:27:30.988000
msnv9,9,mmd,18:04:00.701000,18:05:26.845000
msnv9,9,questions,18:05:26.855000,18:06:20.347000
msnv9,30,mmd,18:06:20.370000,18:07:27.869000
msnv9,30,questions,18:07:27.879000,18:08:24.244000
msnv9,72,mmd,18:08:24.267000,18:09:43.776000
msnv9,72,questions,18:09:43.784000,18:10:22.618000
msnv9,74,mmd,18:10:22.636000,18:11:14.628000
msnv9,74,questions,18:11:14.638000,18:11:48.544000
msnv9,20,mmd,18:11:48.561000,18:12:51.182000
msnv9,20,questions,18:12:51.192000,18:13:16.121000
msnv9,60,mmd,18:13:16.140000,18:14:27.102000
msnv9,60,questions,18:14:27.112000,18:14:58.921000
msnv9,11,mmd,18:14:58.939000,18:16:11.746000
msnv9,11,questions,18:16:11.756000,18:16:46.882000
msnv9,66,mmd,18:16:46.900000,18:17:56.932000
msnv9,66,questions,18:17:56.942000,18:18:25.401000
msnv9,76,mmd,18:18:25.419000,18:19:04.952000
msnv9,76,questions,18:19:04.962000,18:19:32.186000
msnv9,3,mmd,18:19:32.204000,18:21:16.192000
msnv9,3,questions,18:21:16.203000,18:21:57.801000
msnv9,62,mmd,18:21:57.823000,18:23:18.309000
msnv9,62,questions,18:23:18.319000,18:24:11.336000
msnv9,27,mmd,18:24:11.359000,18:25:07.548000
msnv9,27,questions,18:25:07.559000,18:25:34.335000
msnv9,5,mmd,18:25:34.353000,18:27:21.621000
msnv9,5,questions,18:27:21.631000,18:27:59.049000
msnv9,28,mmd,18:27:59.072000,18:28:47.369000
msnv9,28,questions,18:28:47.379000,18:29:19.145000
msnv12,28,mmd,11:38:49.170000,11:40:59.014000
msnv12,28,questions,11:40:59.027000,11:41:31.932000
msnv12,62,mmd,11:41:31.951000,11:43:22.117000
msnv12,62,questions,11:43:22.127000,11:44:11.267000
msnv12,5,mmd,11:44:11.290000,11:47:04.955000
msnv12,5,questions,11:47:04.966000,11:47:39.564000
msnv12,74,mmd,11:47:39.581000,11:48:21.024000
msnv12,74,questions,11:48:21.030000,11:48:37.860000
msnv12,76,mmd,11:48:37.879000,11:49:54.220000
msnv12,76,questions,11:49:54.230000,11:50:19.325000
msnv12,3,mmd,11:50:19.344000,11:52:15.670000
msnv12,3,questions,11:52:15.681000,11:53:08.360000
msnv12,9,mmd,11:53:08.383000,11:54:19.109000
msnv12,9,questions,11:54:19.119000,11:55:04.180000
msnv12,11,mmd,11:55:04.199000,11:55:59.747000
msnv12,11,questions,11:55:59.758000,11:56:40.770000
msnv12,30,mmd,11:56:40.789000,11:57:12.446000
msnv12,30,questions,11:57:12.456000,11:57:46.548000
msnv12,72,mmd,11:57:46.567000,11:59:03.220000
msnv12,72,questions,11:59:03.231000,11:59:24.134000
msnv12,27,mmd,11:59:24.152000,12:00:15.845000
msnv12,27,questions,12:00:15.855000,12:00:36.746000
msnv12,66,mmd,12:00:36.765000,12:02:00.130000
msnv12,66,questions,12:02:00.147000,12:02:14.242000
msnv12,20,mmd,12:02:14.260000,12:02:35.097000
msnv12,20,questions,12:02:35.107000,12:02:55.218000
msnv12,60,mmd,12:02:55.235000,12:03:30.607000
msnv12,60,questions,12:03:30.618000,12:03:50.179000
msnv13,72,mmd,13:18:59.303000,13:20:22.536000
msnv13,72,questions,13:20:22.547000,13:21:03.155000
msnv13,9,mmd,13:21:03.173000,13:22:39.509000
msnv13,9,questions,13:22:39.525000,13:23:30.458000
msnv13,28,mmd,13:23:30.480000,13:24:41.115000
msnv13,28,questions,13:24:41.126000,13:25:14.729000
msnv13,11,mmd,13:25:14.747000,13:26:27.414000
msnv13,11,questions,13:26:27.425000,13:26:55.738000
msnv13,20,mmd,13:26:55.756000,13:27:37.748000
msnv13,20,questions,13:27:37.759000,13:27:56.939000
msnv13,76,mmd,13:27:56.958000,13:28:32.672000
msnv13,76,questions,13:28:32.682000,13:28:59.874000
msnv13,60,mmd,13:28:59.893000,13:29:37.507000
msnv13,60,questions,13:29:37.513000,13:30:07.377000
msnv13,27,mmd,13:30:07.396000,13:31:01.764000
msnv13,27,questions,13:31:01.774000,13:31:19.954000
msnv13,74,mmd,13:31:19.973000,13:31:50.920000
msnv13,74,questions,13:31:50.934000,13:32:03.890000
msnv13,3,mmd,13:32:03.908000,13:33:31.151000
msnv13,3,questions,13:33:31.161000,13:33:54.116000
msnv13,66,mmd,13:33:54.134000,13:34:49.202000
msnv13,66,questions,13:34:49.213000,13:34:59.930000
msnv13,5,mmd,13:34:59.949000,13:35:33.742000
msnv13,5,questions,13:35:33.752000,13:36:06.540000
msnv13,62,mmd,13:36:06.558000,13:37:15.927000
msnv13,62,questions,13:37:15.937000,13:37:49.556000
msnv13,30,mmd,13:37:49.574000,13:38:24.038000
msnv13,30,questions,13:38:24.049000,13:38:43.915000
msnv14,3,mmd,14:44:12.604000,14:45:30.930000
msnv14,3,questions,14:45:30.941000,14:46:00.440000
msnv14,27,mmd,14:46:00.458000,14:46:46.251000
msnv14,27,questions,14:46:46.261000,14:47:05.329000
msnv14,74,mmd,14:47:05.348000,14:47:34.187000
msnv14,74,questions,14:47:34.197000,14:47:51.074000
msnv14,72,mmd,14:47:51.092000,14:48:16.882000
msnv14,72,questions,14:48:16.887000,14:48:40.061000
msnv14,11,mmd,14:48:40.080000,14:49:06.239000
msnv14,11,questions,14:49:06.249000,14:49:27.714000
msnv14,76,mmd,14:49:27.733000,14:49:53.980000
msnv14,76,questions,14:49:53.990000,14:50:20.441000
msnv14,60,mmd,14:50:20.459000,14:50:54.355000
msnv14,60,questions,14:50:54.365000,14:51:19.897000
msnv14,5,mmd,14:51:19.912000,14:52:26.514000
msnv14,5,questions,14:52:26.524000,14:53:13.346000
msnv14,62,mmd,14:53:13.369000,14:53:51.106000
msnv14,62,questions,14:53:51.116000,14:54:28.785000
msnv14,9,mmd,14:54:28.804000,14:54:58.408000
msnv14,9,questions,14:54:58.413000,14:55:17.361000
msnv14,30,mmd,14:55:17.378000,14:55:54.239000
msnv14,30,questions,14:55:54.250000,14:56:17.209000
msnv14,28,mmd,14:56:17.236000,14:56:49.798000
msnv14,28,questions,14:56:49.807000,14:57:06.768000
msnv14,66,mmd,14:57:06.786000,14:57:42.109000
msnv14,66,questions,14:57:42.119000,14:58:04.552000
msnv14,20,mmd,14:58:04.570000,14:58:29.695000
msnv14,20,questions,14:58:29.705000,14:58:44.921000
msnv15,76,mmd,15:47:41.781000,15:48:43.718000
msnv15,76,questions,15:48:43.729000,15:49:18.743000
msnv15,74,mmd,15:49:18.761000,15:50:18.425000
msnv15,74,questions,15:50:18.436000,15:50:36.151000
msnv15,62,mmd,15:50:36.182000,15:51:59.847000
msnv15,62,questions,15:51:59.858000,15:52:52.744000
msnv15,3,mmd,15:52:52.767000,15:55:53.352000
msnv15,3,questions,15:55:53.363000,15:56:44.808000
msnv15,20,mmd,15:56:44.831000,15:57:48.987000
msnv15,20,questions,15:57:49.001000,15:58:05.583000
msnv15,9,mmd,15:58:05.601000,15:59:32.265000
msnv15,9,questions,15:59:32.276000,16:00:10.537000
msnv15,30,mmd,16:00:10.555000,16:01:48.011000
msnv15,30,questions,16:01:48.025000,16:02:19.480000
msnv15,72,mmd,16:02:19.498000,16:03:48.318000
msnv15,72,questions,16:03:48.328000,16:04:11.888000
msnv15,11,mmd,16:04:11.907000,16:05:59.576000
msnv15,11,questions,16:05:59.587000,16:06:24.407000
msnv15,27,mmd,16:06:24.425000,16:07:46.984000
msnv15,27,questions,16:07:46.994000,16:08:15.993000
msnv15,5,mmd,16:08:16.011000,16:11:22.568000
msnv15,5,questions,16:11:22.578000,16:11:51.927000
msnv15,66,mmd,16:11:51.945000,16:13:32.118000
msnv15,66,questions,16:13:32.128000,16:13:52.927000
msnv15,60,mmd,16:13:52.944000,16:15:12.464000
msnv15,60,questions,16:15:12.474000,16:15:37.703000
msnv15,28,mmd,16:15:37.721000,16:17:28.483000
msnv15,28,questions,16:17:28.493000,16:17:55.695000
msnv23,11,mmd,17:15:02.672000,17:16:20.436000
msnv23,11,questions,17:16:20.445000,17:17:18.590000
msnv23,76,mmd,17:17:18.613000,17:18:23.792000
msnv23,76,questions,17:18:23.802000,17:18:52.982000
msnv23,74,mmd,17:18:53,17:19:58.426000
msnv23,74,questions,17:19:58.436000,17:20:43.983000
msnv23,62,mmd,17:20:44.006000,17:22:19.231000
msnv23,62,questions,17:22:19.242000,17:23:19.463000
msnv23,9,mmd,17:23:19.488000,17:25:23.440000
msnv23,9,questions,17:25:23.451000,17:25:59.110000
msnv23,28,mmd,17:25:59.129000,17:27:30.759000
msnv23,28,questions,17:27:30.765000,17:27:52.286000
msnv23,72,mmd,17:27:52.304000,17:29:07.267000
msnv23,72,questions,17:29:07.277000,17:29:51.992000
msnv23,5,mmd,17:29:52.015000,17:33:09.615000
msnv23,5,questions,17:33:09.625000,17:33:37.455000
msnv23,66,mmd,17:33:37.474000,17:35:06.843000
msnv23,66,questions,17:35:06.853000,17:35:22.565000
msnv23,27,mmd,17:35:22.578000,17:36:55.772000
msnv23,27,questions,17:36:55.782000,17:37:17.725000
msnv23,20,mmd,17:37:17.743000,17:38:10.894000
msnv23,20,questions,17:38:10.904000,17:38:25.791000
msnv23,30,mmd,17:38:25.809000,17:39:26.543000
msnv23,30,questions,17:39:26.553000,17:39:43.245000
msnv23,60,mmd,17:39:43.264000,17:40:18.821000
msnv23,60,questions,17:40:18.831000,17:40:39.031000
msnv23,3,mmd,17:40:39.049000,17:43:48.443000
msnv23,3,questions,17:43:48.453000,17:44:18.273000
msnv16,3,mmd,12:39:34.319000,12:40:24.595000
msnv16,3,questions,12:40:24.601000,12:40:53.545000
msnv16,74,mmd,12:40:53.577000,12:41:11.891000
msnv16,74,questions,12:41:11.897000,12:41:23.864000
msnv16,5,mmd,12:41:23.883000,12:41:57.070000
msnv16,5,questions,12:41:57.081000,12:42:21.968000
msnv16,20,mmd,12:42:21.986000,12:42:39.756000
msnv16,20,questions,12:42:39.766000,12:42:55.800000
msnv16,72,mmd,12:42:55.819000,12:43:11.796000
msnv16,72,questions,12:43:11.806000,12:43:39.049000
msnv16,11,mmd,12:43:39.080000,12:43:55.049000
msnv16,11,questions,12:43:55.070000,12:44:14.080000
msnv16,66,mmd,12:44:14.093000,12:44:40.087000
msnv16,66,questions,12:44:40.097000,12:44:54.162000
msnv16,28,mmd,12:44:54.179000,12:45:15.421000
msnv16,28,questions,12:45:15.432000,12:45:31.546000
msnv16,27,mmd,12:45:31.578000,12:45:55.526000
msnv16,27,questions,12:45:55.536000,12:46:11.340000
msnv16,9,mmd,12:46:11.358000,12:46:30.624000
msnv16,9,questions,12:46:30.635000,12:46:46.769000
msnv16,60,mmd,12:46:46.786000,12:47:09.290000
msnv16,60,questions,12:47:09.300000,12:47:24.338000
msnv16,30,mmd,12:47:24.355000,12:47:44.175000
msnv16,30,questions,12:47:44.185000,12:48:01.241000
msnv16,62,mmd,12:48:01.260000,12:48:20.148000
msnv16,62,questions,12:48:20.158000,12:48:38.616000
msnv16,76,mmd,12:48:38.635000,12:48:55.855000
msnv16,76,questions,12:48:55.865000,12:49:10.572000
msnv18,11,mmd,14:09:50.183000,14:10:57.623000
msnv18,11,questions,14:10:57.630000,14:11:41.539000
msnv18,76,mmd,14:11:41.561000,14:12:28.852000
msnv18,76,questions,14:12:28.862000,14:12:55.978000
msnv18,27,mmd,14:12:55.995000,14:14:23.039000
msnv18,27,questions,14:14:23.049000,14:14:43.530000
msnv18,28,mmd,14:14:43.549000,14:15:19.624000
msnv18,28,questions,14:15:19.634000,14:15:35.748000
msnv18,74,mmd,14:15:35.766000,14:16:09.041000
msnv18,74,questions,14:16:09.051000,14:16:29.802000
msnv18,60,mmd,14:16:29.829000,14:17:18.543000
msnv18,60,questions,14:17:18.553000,14:17:38.797000
msnv18,9,mmd,14:17:38.816000,14:18:23.370000
msnv18,9,questions,14:18:23.380000,14:18:59.488000
msnv18,3,mmd,14:18:59.511000,14:20:38.168000
msnv18,3,questions,14:20:38.178000,14:21:19.043000
msnv18,30,mmd,14:21:19.075000,14:22:05.810000
msnv18,30,questions,14:22:05.820000,14:22:31.301000
msnv18,66,mmd,14:22:31.320000,14:23:32.723000
msnv18,66,questions,14:23:32.734000,14:23:46.613000
msnv18,62,mmd,14:23:46.632000,14:24:43.427000
msnv18,62,questions,14:24:43.438000,14:25:36.540000
msnv18,5,mmd,14:25:36.571000,14:27:16.675000
msnv18,5,questions,14:27:16.686000,14:27:47.654000
msnv18,72,mmd,14:27:47.672000,14:28:51.849000
msnv18,72,questions,14:28:51.859000,14:29:19.181000
msnv18,20,mmd,14:29:19.199000,14:30:26.298000
msnv18,20,questions,14:30:26.308000,14:30:45.867000
msnv24,60,mmd,15:50:30.549000,15:51:13.331000
msnv24,60,questions,15:51:13.336000,15:51:33.155000
msnv24,3,mmd,15:51:33.185000,15:53:01.598000
msnv24,3,questions,15:53:01.608000,15:53:38.190000
msnv24,66,mmd,15:53:38.208000,15:54:34.709000
msnv24,66,questions,15:54:34.719000,15:54:49.741000
msnv24,11,mmd,15:54:49.758000,15:55:48.892000
msnv24,11,questions,15:55:48.941000,15:56:25.072000
msnv24,28,mmd,15:56:25.090000,15:57:46.426000
msnv24,28,questions,15:57:46.436000,15:58:06.303000
msnv24,5,mmd,15:58:06.321000,15:59:46.244000
msnv24,5,questions,15:59:46.258000,16:00:23.856000
msnv24,76,mmd,16:00:23.875000,16:01:13.217000
msnv24,76,questions,16:01:13.243000,16:01:32.918000
msnv24,74,mmd,16:01:32.936000,16:02:00.765000
msnv24,74,questions,16:02:00.775000,16:02:16.394000
msnv24,62,mmd,16:02:16.418000,16:03:19.462000
msnv24,62,questions,16:03:19.473000,16:03:57.319000
msnv24,20,mmd,16:03:57.337000,16:04:39.360000
msnv24,20,questions,16:04:39.371000,16:05:01.158000
msnv24,27,mmd,16:05:01.188000,16:06:00.384000
msnv24,27,questions,16:06:00.394000,16:06:25.134000
msnv24,30,mmd,16:06:25.152000,16:06:58.815000
msnv24,30,questions,16:06:58.826000,16:07:21.829000
msnv24,72,mmd,16:07:21.846000,16:08:09.942000
msnv24,72,questions,16:08:09.952000,16:08:31.127000
msnv24,9,mmd,16:08:31.145000,16:09:20.417000
msnv24,9,questions,16:09:20.428000,16:09:50.718000
msnv30,3,mmd,12:18:10.229000,12:19:42.857000
msnv30,3,questions,12:19:42.863000,12:20:19.122000
msnv30,60,mmd,12:20:19.140000,12:21:05.858000
msnv30,60,questions,12:21:05.869000,12:21:33.873000
msnv30,20,mmd,12:21:33.891000,12:21:58.888000
msnv30,20,questions,12:21:58.898000,12:22:18.152000
msnv30,74,mmd,12:22:18.170000,12:23:17.190000
msnv30,74,questions,12:23:17.202000,12:23:31.215000
msnv30,66,mmd,12:23:31.234000,12:24:19.356000
msnv30,66,questions,12:24:19.366000,12:24:36.896000
msnv30,30,mmd,12:24:36.914000,12:25:22.555000
msnv30,30,questions,12:25:22.576000,12:25:47.512000
msnv30,11,mmd,12:25:47.531000,12:26:26.009000
msnv30,11,questions,12:26:26.020000,12:26:55.072000
msnv30,28,mmd,12:26:55.095000,12:27:50.778000
msnv30,28,questions,12:27:50.788000,12:28:16.465000
msnv30,5,mmd,12:28:16.485000,12:29:31.906000
msnv30,5,questions,12:29:31.916000,12:30:15.345000
msnv30,27,mmd,12:30:15.363000,12:30:59.139000
msnv30,27,questions,12:30:59.144000,12:31:14.481000
msnv30,72,mmd,12:31:14.499000,12:31:55.242000
msnv30,72,questions,12:31:55.252000,12:32:13.637000
msnv30,9,mmd,12:32:13.657000,12:32:57.355000
msnv30,9,questions,12:32:57.365000,12:33:20.443000
msnv30,62,mmd,12:33:20.462000,12:33:57.585000
msnv30,62,questions,12:33:57.595000,12:34:36.504000
msnv30,76,mmd,12:34:36.522000,12:35:12.641000
msnv30,76,questions,12:35:12.651000,12:35:32.497000
msnv25,62,mmd,13:50:02.778000,13:50:36.328000
msnv25,62,questions,13:50:36.334000,13:51:15.005000
msnv25,20,mmd,13:51:15.024000,13:51:48.246000
msnv25,20,questions,13:51:48.255000,13:52:05.724000
msnv25,60,mmd,13:52:05.743000,13:52:54.224000
msnv25,60,questions,13:52:54.234000,13:53:14.964000
msnv25,27,mmd,13:53:14.987000,13:54:02.179000
msnv25,27,questions,13:54:02.189000,13:54:18.886000
msnv25,9,mmd,13:54:18.903000,13:54:55.481000
msnv25,9,questions,13:54:55.491000,13:55:14.781000
msnv25,30,mmd,13:55:14.798000,13:55:49.285000
msnv25,30,questions,13:55:49.295000,13:56:10.806000
msnv25,3,mmd,13:56:10.828000,13:57:38.711000
msnv25,3,questions,13:57:38.721000,13:57:59.052000
msnv25,11,mmd,13:57:59.070000,13:58:44.044000
msnv25,11,questions,13:58:44.053000,13:59:12.735000
msnv25,72,mmd,13:59:12.752000,13:59:46.955000
msnv25,72,questions,13:59:46.965000,14:00:02.973000
msnv25,66,mmd,14:00:02.992000,14:00:44.114000
msnv25,66,questions,14:00:44.123000,14:00:56.974000
msnv25,76,mmd,14:00:56.993000,14:01:41.591000
msnv25,76,questions,14:01:41.601000,14:01:55.901000
msnv25,28,mmd,14:01:55.919000,14:02:43.473000
msnv25,28,questions,14:02:43.483000,14:03:00.695000
msnv25,5,mmd,14:03:00.714000,14:03:55.348000
msnv25,5,questions,14:03:55.358000,14:04:20.607000
msnv25,74,mmd,14:04:20.625000,14:04:45.580000
msnv25,74,questions,14:04:45.590000,14:04:55.854000
msnv26,27,mmd,15:20:27.455000,15:21:16.423000
msnv26,27,questions,15:21:16.428000,15:21:56.925000
msnv26,3,mmd,15:21:56.944000,15:23:51.215000
msnv26,3,questions,15:23:51.226000,15:24:39.626000
msnv26,76,mmd,15:24:39.662000,15:25:19.553000
msnv26,76,questions,15:25:19.564000,15:26:03.595000
msnv26,30,mmd,15:26:03.613000,15:27:02.399000
msnv26,30,questions,15:27:02.409000,15:27:24.107000
msnv26,60,mmd,15:27:24.121000,15:28:02.091000
msnv26,60,questions,15:28:02.100000,15:28:31.154000
msnv26,11,mmd,15:28:31.172000,15:29:33.211000
msnv26,11,questions,15:29:33.226000,15:30:15.662000
msnv26,66,mmd,15:30:15.681000,15:30:59.320000
msnv26,66,questions,15:31:00.715000,15:31:19.269000
msnv26,9,mmd,15:31:19.292000,15:32:22.744000
msnv26,9,questions,15:32:22.754000,15:33:06.090000
msnv26,20,mmd,15:33:06.108000,15:33:42.820000
msnv26,20,questions,15:33:42.830000,15:34:02.290000
msnv26,62,mmd,15:34:02.307000,15:34:51.723000
msnv26,62,questions,15:34:51.732000,15:35:20.476000
msnv26,5,mmd,15:35:20.493000,15:37:08.394000
msnv26,5,questions,15:37:08.404000,15:37:41.313000
msnv26,74,mmd,15:37:41.335000,15:38:23.957000
msnv26,74,questions,15:38:23.967000,15:38:39.266000
msnv26,72,mmd,15:38:39.283000,15:39:17.630000
msnv26,72,questions,15:39:17.651000,15:39:30.666000
msnv26,28,mmd,15:39:30.684000,15:40:19.036000
msnv26,28,questions,15:40:19.047000,15:40:43.321000
msnv17,74,mmd,16:46:34.947000,16:47:09.163000
msnv17,74,questions,16:47:09.174000,16:47:23.704000
msnv17,28,mmd,16:47:23.723000,16:48:04.782000
msnv17,28,questions,16:48:04.792000,16:48:26.340000
msnv17,30,mmd,16:48:26.358000,16:48:58.611000
msnv17,30,questions,16:48:58.621000,16:49:23.382000
msnv17,3,mmd,16:49:23.401000,16:50:25.975000
msnv17,3,questions,16:50:25.985000,16:51:00.705000
msnv17,76,mmd,16:51:00.723000,16:51:26.859000
msnv17,76,questions,16:51:26.869000,16:51:50.040000
msnv17,20,mmd,16:51:50.059000,16:52:20.505000
msnv17,20,questions,16:52:20.515000,16:52:39.358000
msnv17,60,mmd,16:52:39.375000,16:53:08.341000
msnv17,60,questions,16:53:08.350000,16:53:26.375000
msnv17,11,mmd,16:53:26.393000,16:53:54.565000
msnv17,11,questions,16:53:54.577000,16:54:22.303000
msnv17,5,mmd,16:54:22.321000,16:55:17.114000
msnv17,5,questions,16:55:17.124000,16:55:40.306000
msnv17,27,mmd,16:55:40.338000,16:56:15.723000
msnv17,27,questions,16:56:15.734000,16:56:31.648000
msnv17,66,mmd,16:56:31.668000,16:57:01.159000
msnv17,66,questions,16:57:01.170000,16:57:13.657000
msnv17,62,mmd,16:57:13.676000,16:57:44.194000
msnv17,62,questions,16:57:44.205000,16:58:11.298000
msnv17,9,mmd,16:58:11.316000,16:58:32.029000
msnv17,9,questions,16:58:32.034000,16:58:48.232000
msnv17,72,mmd,16:58:48.245000,16:59:20.500000
msnv17,72,questions,16:59:20.510000,16:59:36.289000
msnv35,11,mmd,13:58:03.203000,13:58:31.771000
msnv35,11,questions,13:58:31.781000,13:58:54.441000
msnv35,62,mmd,13:58:54.458000,13:59:57.919000
msnv35,62,questions,13:59:57.925000,14:00:24.409000
msnv35,76,mmd,14:00:24.426000,14:01:11.035000
msnv35,76,questions,14:01:11.045000,14:01:27.865000
msnv35,74,mmd,14:01:27.882000,14:01:49.590000
msnv35,74,questions,14:01:49.615000,14:02:06.281000
msnv35,28,mmd,14:02:06.298000,14:02:39.973000
msnv35,28,questions,14:02:39.979000,14:02:57.353000
msnv35,3,mmd,14:02:57.372000,14:04:28.763000
msnv35,3,questions,14:04:28.772000,14:05:06.028000
msnv35,66,mmd,14:05:06.047000,14:05:50.249000
msnv35,66,questions,14:05:50.259000,14:06:01.618000
msnv35,72,mmd,14:06:01.636000,14:06:46.268000
msnv35,72,questions,14:06:46.278000,14:07:07.657000
msnv35,27,mmd,14:07:07.675000,14:08:02.455000
msnv35,27,questions,14:08:02.466000,14:08:19.447000
msnv35,60,mmd,14:08:19.467000,14:08:36.823000
msnv35,60,questions,14:08:36.834000,14:08:48.674000
msnv35,30,mmd,14:08:48.692000,14:09:16.014000
msnv35,30,questions,14:09:16.025000,14:09:40.368000
msnv35,20,mmd,14:09:40.386000,14:10:04.480000
msnv35,20,questions,14:10:04.486000,14:10:21.614000
msnv35,5,mmd,14:10:21.631000,14:11:44.468000
msnv35,5,questions,14:11:44.479000,14:12:22.241000
msnv35,9,mmd,14:12:22.258000,14:13:04.937000
msnv35,9,questions,14:13:04.947000,14:13:26.465000
msnv36,27,mmd,15:27:41.011000,15:28:24.135000
msnv36,27,questions,15:28:24.141000,15:28:40.294000
msnv36,5,mmd,15:28:40.313000,15:30:18.481000
msnv36,5,questions,15:30:18.491000,15:30:54.272000
msnv36,72,mmd,15:30:54.303000,15:31:37.819000
msnv36,72,questions,15:31:37.829000,15:31:55.719000
msnv36,62,mmd,15:31:55.738000,15:32:59.703000
msnv36,62,questions,15:32:59.713000,15:33:27.031000
msnv36,30,mmd,15:33:27.046000,15:33:57.987000
msnv36,30,questions,15:33:57.997000,15:34:13.670000
msnv36,20,mmd,15:34:13.689000,15:34:56.630000
msnv36,20,questions,15:34:56.635000,15:35:09.283000
msnv36,74,mmd,15:35:09.302000,15:35:51.374000
msnv36,74,questions,15:35:51.386000,15:36:02.279000
msnv36,3,mmd,15:36:02.298000,15:37:40.203000
msnv36,3,questions,15:37:40.215000,15:38:09.232000
msnv36,60,mmd,15:38:09.250000,15:38:36.611000
msnv36,60,questions,15:38:36.621000,15:38:53.007000
msnv36,9,mmd,15:38:53.027000,15:39:18.705000
msnv36,9,questions,15:39:18.716000,15:39:37.927000
msnv36,28,mmd,15:39:37.961000,15:40:22.902000
msnv36,28,questions,15:40:22.912000,15:40:34.767000
msnv36,76,mmd,15:40:34.786000,15:40:59.333000
msnv36,76,questions,15:40:59.345000,15:41:21.904000
msnv36,66,mmd,15:41:21.922000,15:41:47.667000
msnv36,66,questions,15:41:47.677000,15:41:59.734000
msnv36,11,mmd,15:41:59.747000,15:42:37.750000
msnv36,11,questions,15:42:37.761000,15:43:03.553000
msnv34,28,mmd,13:58:31.373000,14:00:15.866000
msnv34,28,questions,14:00:15.872000,14:00:46.343000
msnv34,27,mmd,14:00:46.361000,14:02:03.624000
msnv34,27,questions,14:02:03.635000,14:02:26.200000
msnv34,11,mmd,14:02:26.219000,14:03:42.140000
msnv34,11,questions,14:03:42.151000,14:04:09.743000
msnv34,76,mmd,14:04:09.761000,14:05:25.176000
msnv34,76,questions,14:05:25.192000,14:05:44.183000
msnv34,30,mmd,14:05:44.202000,14:06:48.369000
msnv34,30,questions,14:06:48.379000,14:07:41.128000
msnv34,60,mmd,14:07:41.147000,14:08:35.145000
msnv34,60,questions,14:08:35.155000,14:09:04.543000
msnv34,20,mmd,14:09:04.561000,14:10:11.969000
msnv34,20,questions,14:10:11.979000,14:10:36.200000
msnv34,5,mmd,14:10:36.218000,14:12:59.712000
msnv34,5,questions,14:12:59.772000,14:13:40.785000
msnv34,66,mmd,14:13:40.805000,14:15:21.472000
msnv34,66,questions,14:15:21.481000,14:15:37.935000
msnv34,74,mmd,14:15:37.952000,14:16:45.212000
msnv34,74,questions,14:16:45.222000,14:16:57.575000
msnv34,9,mmd,14:16:57.593000,14:18:09.904000
msnv34,9,questions,14:18:09.915000,14:18:37.439000
msnv34,62,mmd,14:18:37.456000,14:19:48.744000
msnv34,62,questions,14:19:48.753000,14:21:03.089000
msnv34,72,mmd,14:21:03.112000,14:22:20.675000
msnv34,72,questions,14:22:20.686000,14:22:46.622000
msnv34,3,mmd,14:22:46.640000,14:24:37.451000
msnv34,3,questions,14:24:37.461000,14:25:20.385000
msnv37,30,mmd,16:49:43.206000,16:50:23.445000
msnv37,30,questions,16:50:23.454000,16:50:45.792000
msnv37,9,mmd,16:50:45.831000,16:51:29.732000
msnv37,9,questions,16:51:29.742000,16:51:59.672000
msnv37,62,mmd,16:51:59.692000,16:52:51.675000
msnv37,62,questions,16:52:51.685000,16:53:21.577000
msnv37,28,mmd,16:53:21.596000,16:54:25.193000
msnv37,28,questions,16:54:25.204000,16:54:43.696000
msnv37,60,mmd,16:54:43.715000,16:55:22.061000
msnv37,60,questions,16:55:22.070000,16:55:39.991000
msnv37,20,mmd,16:55:40.009000,16:56:41.657000
msnv37,20,questions,16:56:41.666000,16:56:54.550000
msnv37,72,mmd,16:56:54.569000,16:57:30.806000
msnv37,72,questions,16:57:30.811000,16:57:49.425000
msnv37,11,mmd,16:57:49.443000,16:58:43.130000
msnv37,11,questions,16:58:43.141000,16:59:04.521000
msnv37,76,mmd,16:59:04.553000,16:59:43.206000
msnv37,76,questions,16:59:43.215000,16:59:59.329000
msnv37,74,mmd,16:59:59.348000,17:00:31.788000
msnv37,74,questions,17:00:31.798000,17:00:43.865000
msnv37,3,mmd,17:00:43.884000,17:02:18.847000
msnv37,3,questions,17:02:18.974000,17:02:45.984000
msnv37,27,mmd,17:02:46.003000,17:03:33.961000
msnv37,27,questions,17:03:33.971000,17:03:48.177000
msnv37,66,mmd,17:03:48.196000,17:04:32.937000
msnv37,66,questions,17:04:32.947000,17:04:41.863000
msnv37,5,mmd,17:04:41.881000,17:06:25.425000
msnv37,5,questions,17:06:25.435000,17:06:46.929000
msnv19,20,mmd,09:51:53.313000,09:52:25.241000
msnv19,20,questions,09:52:25.251000,09:53:04.978000
msnv19,5,mmd,09:53:04.995000,09:54:10.633000
msnv19,5,questions,09:54:10.643000,09:54:41.698000
msnv19,74,mmd,09:54:41.716000,09:55:16.745000
msnv19,74,questions,09:55:16.756000,09:55:32.817000
msnv19,9,mmd,09:55:32.834000,09:56:05.177000
msnv19,9,questions,09:56:05.187000,09:56:27.578000
msnv19,72,mmd,09:56:27.600000,09:56:47.123000
msnv19,72,questions,09:56:47.133000,09:57:11.074000
msnv19,11,mmd,09:57:11.097000,09:57:40.305000
msnv19,11,questions,09:57:40.315000,09:58:00.058000
msnv19,76,mmd,09:58:00.080000,09:58:21.234000
msnv19,76,questions,09:58:21.244000,09:58:41.418000
msnv19,66,mmd,09:58:41.440000,09:59:18.407000
msnv19,66,questions,09:59:18.418000,09:59:30.623000
msnv19,3,mmd,09:59:30.640000,10:00:06.650000
msnv19,3,questions,10:00:06.660000,10:00:35.667000
msnv19,28,mmd,10:00:35.684000,10:00:57.841000
msnv19,28,questions,10:00:57.846000,10:01:13.314000
msnv19,30,mmd,10:01:13.331000,10:01:32.465000
msnv19,30,questions,10:01:32.476000,10:01:45.498000
msnv19,60,mmd,10:01:45.516000,10:01:57.976000
msnv19,60,questions,10:01:57.983000,10:02:11.347000
msnv19,27,mmd,10:02:11.365000,10:02:30.681000
msnv19,27,questions,10:02:30.692000,10:02:46.017000
msnv19,62,mmd,10:02:46.035000,10:02:57.417000
msnv19,62,questions,10:02:57.427000,10:03:14.531000
msnv42,76,mmd,12:57:42.067000,12:58:27.530000
msnv42,76,questions,12:58:27.540000,12:58:56.244000
msnv42,11,mmd,12:58:56.262000,13:00:06.328000
msnv42,11,questions,13:00:06.338000,13:00:41.317000
msnv42,20,mmd,13:00:41.337000,13:02:14.406000
msnv42,20,questions,13:02:14.416000,13:02:52.334000
msnv42,62,mmd,13:02:52.352000,13:04:48.532000
msnv42,62,questions,13:04:48.542000,13:05:36.669000
msnv42,60,mmd,13:05:36.707000,13:06:48.906000
msnv42,60,questions,13:06:48.916000,13:07:49.912000
msnv42,27,mmd,13:07:49.931000,13:08:42.986000
msnv42,27,questions,13:08:42.996000,13:09:07.197000
msnv42,66,mmd,13:09:07.215000,13:09:46.373000
msnv42,66,questions,13:09:46.382000,13:10:00.429000
msnv42,9,mmd,13:10:00.443000,13:10:58.084000
msnv42,9,questions,13:10:58.094000,13:11:33.830000
msnv42,28,mmd,13:11:33.849000,13:12:25.713000
msnv42,28,questions,13:12:25.723000,13:12:41.397000
msnv42,72,mmd,13:12:41.416000,13:13:48.531000
msnv42,72,questions,13:13:48.541000,13:14:11.733000
msnv42,3,mmd,13:14:11.752000,13:15:20.774000
msnv42,3,questions,13:15:20.789000,13:15:46.054000
msnv42,30,mmd,13:15:46.073000,13:16:19.924000
msnv42,30,questions,13:16:19.936000,13:16:39.647000
msnv42,5,mmd,13:16:39.666000,13:18:10.290000
msnv42,5,questions,13:18:10.301000,13:18:47.896000
msnv42,74,mmd,13:18:47.914000,13:19:27.243000
msnv42,74,questions,13:19:27.254000,13:19:41.086000
msnv22,74,mmd,14:21:56.713000,14:23:47.026000
msnv22,74,questions,14:23:47.032000,14:24:24.057000
msnv22,66,mmd,14:24:24.075000,14:25:51.871000
msnv22,66,questions,14:25:51.881000,14:26:26.793000
msnv22,30,mmd,14:26:26.810000,14:27:31.170000
msnv22,30,questions,14:27:31.185000,14:28:02.545000
msnv22,28,mmd,14:28:02.564000,14:29:29.538000
msnv22,28,questions,14:29:29.552000,14:30:13.950000
msnv22,62,mmd,14:30:13.969000,14:31:43.752000
msnv22,62,questions,14:31:43.762000,14:32:21.835000
msnv22,60,mmd,14:32:21.854000,14:34:17.927000
msnv22,60,questions,14:34:17.948000,14:34:53.602000
msnv22,72,mmd,14:34:53.620000,14:36:05.918000
msnv22,72,questions,14:36:05.940000,14:36:41.899000
msnv22,11,mmd,14:36:41.917000,14:37:50.995000
msnv22,11,questions,14:37:51.001000,14:38:20.522000
msnv22,9,mmd,14:38:20.540000,14:39:36.971000
msnv22,9,questions,14:39:36.981000,14:40:14.604000
msnv22,27,mmd,14:40:14.622000,14:41:33.117000
msnv22,27,questions,14:41:33.127000,14:41:56.259000
msnv22,3,mmd,14:41:56.276000,14:44:02.995000
msnv22,3,questions,14:44:03.005000,14:44:39.877000
msnv22,5,mmd,14:44:39.895000,14:47:16.551000
msnv22,5,questions,14:47:16.561000,14:47:51.387000
msnv22,20,mmd,14:47:51.405000,14:49:09.689000
msnv22,20,questions,14:49:09.699000,14:49:39.514000
msnv22,76,mmd,14:49:39.527000,14:50:32.232000
msnv22,76,questions,14:50:32.242000,14:50:52.267000
msnv38,28,mmd,15:47:51.708000,15:48:49.735000
msnv38,28,questions,15:48:49.741000,15:49:15.287000
msnv38,72,mmd,15:49:15.305000,15:50:12.227000
msnv38,72,questions,15:50:12.237000,15:50:41.455000
msnv38,5,mmd,15:50:41.487000,15:52:44.629000
msnv38,5,questions,15:52:44.641000,15:53:22.193000
msnv38,66,mmd,15:53:22.211000,15:54:42.032000
msnv38,66,questions,15:54:42.043000,15:55:03.758000
msnv38,20,mmd,15:55:03.776000,15:56:00.818000
msnv38,20,questions,15:56:00.829000,15:56:14.830000
msnv38,9,mmd,15:56:14.849000,15:57:36.092000
msnv38,9,questions,15:57:36.102000,15:57:58.295000
msnv38,27,mmd,15:57:58.314000,15:59:15.425000
msnv38,27,questions,15:59:15.436000,15:59:27.775000
msnv38,74,mmd,15:59:27.795000,16:00:14.545000
msnv38,74,questions,16:00:14.555000,16:00:29.715000
msnv38,3,mmd,16:00:29.734000,16:02:59.127000
msnv38,3,questions,16:02:59.139000,16:03:32.079000
msnv38,30,mmd,16:03:32.098000,16:04:14.929000
msnv38,30,questions,16:04:14.939000,16:04:38.727000
msnv38,62,mmd,16:04:38.745000,16:06:06.097000
msnv38,62,questions,16:06:06.109000,16:06:29.112000
msnv38,60,mmd,16:06:29.129000,16:07:15.080000
msnv38,60,questions,16:07:15.089000,16:07:40.830000
msnv38,76,mmd,16:07:40.848000,16:08:55.336000
msnv38,76,questions,16:08:55.345000,16:09:06.207000
msnv38,11,mmd,16:09:06.226000,16:09:44.497000
msnv38,11,questions,16:09:44.503000,16:10:09.448000
msnv48,76,mmd,11:15:15.296000,11:16:17.045000
msnv48,76,questions,11:16:17.050000,11:16:39.212000
msnv48,20,mmd,11:16:39.232000,11:17:11.600000
msnv48,20,questions,11:17:11.606000,11:17:25.603000
msnv48,60,mmd,11:17:25.623000,11:18:06.553000
msnv48,60,questions,11:18:06.563000,11:18:31.430000
msnv48,66,mmd,11:18:31.449000,11:19:41.941000
msnv48,66,questions,11:19:41.953000,11:20:01.097000
msnv48,30,mmd,11:20:01.115000,11:21:18.966000
msnv48,30,questions,11:21:18.976000,11:21:36.069000
msnv48,9,mmd,11:21:36.088000,11:23:35.338000
msnv48,9,questions,11:23:35.348000,11:23:56.797000
msnv48,27,mmd,11:23:56.811000,11:25:11.920000
msnv48,27,questions,11:25:11.931000,11:25:22.353000
msnv48,5,mmd,11:25:22.374000,11:28:00.332000
msnv48,5,questions,11:28:00.342000,11:28:30.232000
msnv48,74,mmd,11:28:30.260000,11:29:15.383000
msnv48,74,questions,11:29:15.395000,11:29:27.293000
msnv48,3,mmd,11:29:27.311000,11:31:50.176000
msnv48,3,questions,11:31:50.187000,11:32:18.841000
msnv48,11,mmd,11:32:18.860000,11:33:24.522000
msnv48,11,questions,11:33:24.532000,11:33:46.635000
msnv48,28,mmd,11:33:46.654000,11:34:26.477000
msnv48,28,questions,11:34:26.487000,11:34:43.573000
msnv48,72,mmd,11:34:43.591000,11:35:48.929000
msnv48,72,questions,11:35:48.939000,11:36:05.782000
msnv48,62,mmd,11:36:05.800000,11:36:41.283000
msnv48,62,questions,11:36:41.293000,11:37:08.334000
msnv49,3,mmd,11:10:18.776000,11:11:34.909000
msnv49,3,questions,11:11:34.915000,11:12:12.864000
msnv49,30,mmd,11:12:12.882000,11:13:02.298000
msnv49,30,questions,11:13:02.307000,11:13:31.542000
msnv49,66,mmd,11:13:31.560000,11:14:09.452000
msnv49,66,questions,11:14:09.462000,11:14:36.614000
msnv49,28,mmd,11:14:36.632000,11:15:14.614000
msnv49,28,questions,11:15:14.624000,11:15:39.503000
msnv49,5,mmd,11:15:39.520000,11:17:06.079000
msnv49,5,questions,11:17:06.089000,11:17:43.879000
msnv49,11,mmd,11:17:43.897000,11:18:33.219000
msnv49,11,questions,11:18:33.230000,11:19:03.695000
msnv49,20,mmd,11:19:03.713000,11:19:42.195000
msnv49,20,questions,11:19:42.206000,11:19:57.133000
msnv49,62,mmd,11:19:57.151000,11:20:49.641000
msnv49,62,questions,11:20:49.646000,11:21:33.326000
msnv49,9,mmd,11:21:33.344000,11:22:38.498000
msnv49,9,questions,11:22:38.508000,11:23:01.119000
msnv49,60,mmd,11:23:01.138000,11:23:41.372000
msnv49,60,questions,11:23:41.382000,11:23:58.168000
msnv49,76,mmd,11:23:58.186000,11:24:51.090000
msnv49,76,questions,11:24:51.100000,11:25:10.894000
msnv49,74,mmd,11:25:10.912000,11:25:59.044000
msnv49,74,questions,11:25:59.054000,11:26:16.639000
msnv49,27,mmd,11:26:16.662000,11:27:20.477000
msnv49,27,questions,11:27:20.488000,11:27:36.303000
msnv49,72,mmd,11:27:36.320000,11:28:40.166000
msnv49,72,questions,11:28:40.175000,11:28:58.158000
msnv50,5,mmd,13:16:45.369000,13:18:45.387000
msnv50,5,questions,13:18:45.393000,13:19:24.814000
msnv50,20,mmd,13:19:24.831000,13:20:11.792000
msnv50,20,questions,13:20:11.803000,13:20:26.933000
msnv50,76,mmd,13:20:26.951000,13:21:02.664000
msnv50,76,questions,13:21:02.674000,13:21:22.004000
msnv50,30,mmd,13:21:22.021000,13:22:02.571000
msnv50,30,questions,13:22:02.581000,13:22:25.774000
msnv50,3,mmd,13:22:25.792000,13:23:17.141000
msnv50,3,questions,13:23:17.151000,13:23:45.775000
msnv50,27,mmd,13:23:45.793000,13:24:23.095000
msnv50,27,questions,13:24:23.106000,13:24:40.221000
msnv50,72,mmd,13:24:40.240000,13:25:10.317000
msnv50,72,questions,13:25:10.328000,13:25:30.350000
msnv50,9,mmd,13:25:30.367000,13:25:57.802000
msnv50,9,questions,13:25:57.812000,13:26:16.328000
msnv50,62,mmd,13:26:16.345000,13:26:45.494000
msnv50,62,questions,13:26:45.505000,13:27:22.900000
msnv50,74,mmd,13:27:22.918000,13:27:44.854000
msnv50,74,questions,13:27:44.865000,13:27:56.195000
msnv50,11,mmd,13:27:56.212000,13:28:37.675000
msnv50,11,questions,13:28:37.685000,13:28:55.188000
msnv50,66,mmd,13:28:55.205000,13:29:32.463000
msnv50,66,questions,13:29:32.473000,13:29:42.766000
msnv50,28,mmd,13:29:42.783000,13:30:09.228000
msnv50,28,questions,13:30:09.238000,13:30:21.076000
msnv50,60,mmd,13:30:21.093000,13:30:36.071000
msnv50,60,questions,13:30:36.081000,13:30:52.917000
msnv51,72,mmd,14:37:28.523000,14:38:18.261000
msnv51,72,questions,14:38:18.268000,14:38:55.562000
msnv51,27,mmd,14:38:55.580000,14:40:12.369000
msnv51,27,questions,14:40:12.380000,14:40:37.290000
msnv51,60,mmd,14:40:37.336000,14:41:34.362000
msnv51,60,questions,14:41:34.372000,14:42:16.266000
msnv51,74,mmd,14:42:16.289000,14:43:05.432000
msnv51,74,questions,14:43:05.443000,14:43:32.858000
msnv51,9,mmd,14:43:32.877000,14:44:29.123000
msnv51,9,questions,14:44:29.133000,14:45:26.338000
msnv51,30,mmd,14:45:26.361000,14:46:31.880000
msnv51,30,questions,14:46:31.891000,14:47:03.362000
msnv51,5,mmd,14:47:03.381000,14:49:18.275000
msnv51,5,questions,14:49:18.316000,14:50:05.483000
msnv51,66,mmd,14:50:05.515000,14:51:03.798000
msnv51,66,questions,14:51:03.808000,14:51:28.457000
msnv51,11,mmd,14:51:28.477000,14:52:33.622000
msnv51,11,questions,14:52:33.632000,14:52:56.930000
msnv51,3,mmd,14:52:56.947000,14:55:17.988000
msnv51,3,questions,14:55:18.009000,14:55:49.762000
msnv51,76,mmd,14:55:49.780000,14:56:34.368000
msnv51,76,questions,14:56:34.377000,14:56:54.730000
msnv51,20,mmd,14:56:54.749000,14:57:35.676000
msnv51,20,questions,14:57:35.686000,14:57:53.275000
msnv51,28,mmd,14:57:53.293000,14:59:17.803000
msnv51,28,questions,14:59:17.814000,14:59:49.060000
msnv51,62,mmd,14:59:49.079000,15:00:27.754000
msnv51,62,questions,15:00:27.765000,15:01:21.947000
msnv39,66,mmd,09:27:57.665000,09:29:00.446000
msnv39,66,questions,09:29:00.456000,09:29:27.038000
msnv39,60,mmd,09:29:27.051000,09:30:01.827000
msnv39,60,questions,09:30:01.837000,09:30:19.982000
msnv39,3,mmd,09:30:19.999000,09:32:06.725000
msnv39,3,questions,09:32:06.735000,09:32:42.860000
msnv39,74,mmd,09:32:42.892000,09:33:23.840000
msnv39,74,questions,09:33:23.850000,09:33:40.487000
msnv39,20,mmd,09:33:40.507000,09:34:15.811000
msnv39,20,questions,09:34:15.822000,09:34:27.326000
msnv39,27,mmd,09:34:27.344000,09:35:15.702000
msnv39,27,questions,09:35:15.711000,09:35:32.136000
msnv39,30,mmd,09:35:32.153000,09:36:16.610000
msnv39,30,questions,09:36:16.620000,09:36:38.766000
msnv39,72,mmd,09:36:38.788000,09:37:18.801000
msnv39,72,questions,09:37:18.810000,09:37:40.286000
msnv39,62,mmd,09:37:40.303000,09:38:59.944000
msnv39,62,questions,09:38:59.955000,09:39:41.559000
msnv39,76,mmd,09:39:41.576000,09:40:20.834000
msnv39,76,questions,09:40:20.844000,09:40:48.751000
msnv39,11,mmd,09:40:48.769000,09:41:33.348000
msnv39,11,questions,09:41:33.358000,09:42:05.213000
msnv39,28,mmd,09:42:05.231000,09:42:54.792000
msnv39,28,questions,09:42:54.802000,09:43:26.918000
msnv39,5,mmd,09:43:26.936000,09:44:49.994000
msnv39,5,questions,09:44:50.004000,09:45:33.386000
msnv39,9,mmd,09:45:33.405000,09:46:18.904000
msnv39,9,questions,09:46:18.914000,09:46:34.454000
msnv43,72,mmd,10:52:32.009000,10:53:37.184000
msnv43,72,questions,10:53:37.196000,10:54:04.219000
msnv43,27,mmd,10:54:04.237000,10:55:44.702000
msnv43,27,questions,10:55:44.712000,10:56:08.346000
msnv43,11,mmd,10:56:08.364000,10:57:35.527000
msnv43,11,questions,10:57:35.537000,10:58:17.234000
msnv43,74,mmd,10:58:17.252000,10:59:10.695000
msnv43,74,questions,10:59:10.705000,10:59:31.052000
msnv43,20,mmd,10:59:31.070000,11:00:12.976000
msnv43,20,questions,11:00:12.987000,11:00:31.640000
msnv43,60,mmd,11:00:31.658000,11:01:26.740000
msnv43,60,questions,11:01:26.760000,11:01:53.037000
msnv43,62,mmd,11:01:53.056000,11:03:27.749000
msnv43,62,questions,11:03:27.759000,11:04:33.115000
msnv43,5,mmd,11:04:33.149000,11:07:21.972000
msnv43,5,questions,11:07:21.982000,11:07:54.523000
msnv43,9,mmd,11:07:54.540000,11:08:42.520000
msnv43,9,questions,11:08:42.530000,11:09:08.003000
msnv43,76,mmd,11:09:08.021000,11:09:49.881000
msnv43,76,questions,11:09:49.891000,11:10:14.842000
msnv43,66,mmd,11:10:14.865000,11:11:23.700000
msnv43,66,questions,11:11:23.710000,11:11:40.689000
msnv43,28,mmd,11:11:40.706000,11:12:41.589000
msnv43,28,questions,11:12:41.599000,11:13:09.764000
msnv43,30,mmd,11:13:09.783000,11:14:04.222000
msnv43,30,questions,11:14:04.232000,11:14:36.827000
msnv43,3,mmd,11:14:36.845000,11:16:10.716000
msnv43,3,questions,11:16:10.722000,11:16:39.348000
msnv46,3,mmd,12:48:58.999000,12:51:25.980000
msnv46,3,questions,12:51:25.985000,12:52:11.650000
msnv46,76,mmd,12:52:11.669000,12:53:01.602000
msnv46,76,questions,12:53:01.611000,12:53:34.082000
msnv46,66,mmd,12:53:34.100000,12:54:41.422000
msnv46,66,questions,12:54:41.432000,12:54:56.611000
msnv46,5,mmd,12:54:56.629000,12:57:18.790000
msnv46,5,questions,12:57:18.802000,12:57:57.778000
msnv46,60,mmd,12:57:57.798000,12:58:33.210000
msnv46,60,questions,12:58:33.219000,12:59:12.442000
msnv46,28,mmd,12:59:12.460000,13:00:26.172000
msnv46,28,questions,13:00:26.182000,13:00:53.011000
msnv46,72,mmd,13:00:53.029000,13:02:01.039000
msnv46,72,questions,13:02:01.049000,13:02:23.698000
msnv46,30,mmd,13:02:23.716000,13:03:21.912000
msnv46,30,questions,13:03:21.922000,13:03:47.155000
msnv46,74,mmd,13:03:47.173000,13:04:34.031000
msnv46,74,questions,13:04:34.041000,13:04:50.705000
msnv46,9,mmd,13:04:50.724000,13:05:40.346000
msnv46,9,questions,13:05:40.356000,13:06:21.755000
msnv46,27,mmd,13:06:21.774000,13:07:34.366000
msnv46,27,questions,13:07:34.376000,13:07:55.273000
msnv46,11,mmd,13:07:55.426000,13:08:48.570000
msnv46,11,questions,13:08:48.581000,13:09:26.822000
msnv46,20,mmd,13:09:26.849000,13:09:56.750000
msnv46,20,questions,13:09:56.760000,13:10:11.634000
msnv46,62,mmd,13:10:11.653000,13:11:30.385000
msnv46,62,questions,13:11:30.414000,13:12:01.123000
msnv41,28,mmd,13:01:16.875000,13:01:51.735000
msnv41,28,questions,13:01:51.740000,13:02:07.967000
msnv41,9,mmd,13:02:07.986000,13:02:40.468000
msnv41,9,questions,13:02:40.479000,13:02:58.469000
msnv41,72,mmd,13:02:58.487000,13:03:17.149000
msnv41,72,questions,13:03:17.160000,13:03:36.710000
msnv41,20,mmd,13:03:36.724000,13:03:51.847000
msnv41,20,questions,13:03:51.862000,13:04:21.749000
msnv41,74,mmd,13:04:21.769000,13:04:42.049000
msnv41,74,questions,13:04:42.060000,13:04:55.941000
msnv41,30,mmd,13:04:55.963000,13:05:09.275000
msnv41,30,questions,13:05:09.288000,13:05:35.230000
msnv41,60,mmd,13:05:35.248000,13:05:55.183000
msnv41,60,questions,13:05:55.193000,13:06:13.692000
msnv41,66,mmd,13:06:13.711000,13:06:49.212000
msnv41,66,questions,13:06:49.222000,13:07:00.821000
msnv41,62,mmd,13:07:00.852000,13:07:20.923000
msnv41,62,questions,13:07:20.934000,13:07:51.310000
msnv41,3,mmd,13:07:51.342000,13:08:41.490000
msnv41,3,questions,13:08:41.501000,13:09:09.569000
msnv41,11,mmd,13:09:09.588000,13:09:36.779000
msnv41,11,questions,13:09:36.791000,13:09:59.543000
msnv41,27,mmd,13:09:59.562000,13:10:49.645000
msnv41,27,questions,13:10:49.655000,13:11:02.478000
msnv41,76,mmd,13:11:02.496000,13:11:20.314000
msnv41,76,questions,13:11:20.321000,13:11:35.982000
msnv41,5,mmd,13:11:36,13:13:10.140000
msnv41,5,questions,13:13:10.151000,13:13:27.046000
msnv53,30,mmd,14:31:08.776000,14:31:37.240000
msnv53,30,questions,14:31:37.245000,14:31:57.995000
msnv53,76,mmd,14:31:58.014000,14:32:31.112000
msnv53,76,questions,14:32:31.132000,14:32:59.186000
msnv53,62,mmd,14:32:59.201000,14:33:35.834000
msnv53,62,questions,14:33:35.844000,14:34:25.514000
msnv53,60,mmd,14:34:25.533000,14:35:14.422000
msnv53,60,questions,14:35:14.432000,14:35:44.866000
msnv53,9,mmd,14:35:44.886000,14:36:30.069000
msnv53,9,questions,14:36:30.090000,14:36:53.628000
msnv53,20,mmd,14:36:53.646000,14:37:27.204000
msnv53,20,questions,14:37:27.215000,14:37:42.625000
msnv53,74,mmd,14:37:42.644000,14:38:11.316000
msnv53,74,questions,14:38:11.326000,14:38:27.962000
msnv53,66,mmd,14:38:27.981000,14:39:05.295000
msnv53,66,questions,14:39:05.306000,14:39:23.468000
msnv53,72,mmd,14:39:23.488000,14:39:52.603000
msnv53,72,questions,14:39:52.613000,14:40:17.245000
msnv53,5,mmd,14:40:17.264000,14:41:03.179000
msnv53,5,questions,14:41:03.189000,14:41:31.853000
msnv53,27,mmd,14:41:31.871000,14:42:02.824000
msnv53,27,questions,14:42:02.836000,14:42:23.253000
msnv53,11,mmd,14:42:23.272000,14:42:53.888000
msnv53,11,questions,14:42:53.898000,14:43:31.778000
msnv53,28,mmd,14:43:31.797000,14:44:12.300000
msnv53,28,questions,14:44:12.312000,14:44:27.947000
msnv53,3,mmd,14:44:27.965000,14:44:57.143000
msnv53,3,questions,14:44:57.156000,14:45:32.452000
msnv44,3,mmd,15:51:54.636000,15:54:54.176000
msnv44,3,questions,15:54:54.182000,15:55:41.385000
msnv44,9,mmd,15:55:41.405000,15:57:10.912000
msnv44,9,questions,15:57:10.924000,15:57:43.735000
msnv44,27,mmd,15:57:43.755000,15:59:09.355000
msnv44,27,questions,15:59:09.366000,15:59:29.094000
msnv44,62,mmd,15:59:29.112000,16:01:01.643000
msnv44,62,questions,16:01:01.653000,16:01:39.004000
msnv44,60,mmd,16:01:39.023000,16:02:38.235000
msnv44,60,questions,16:02:38.245000,16:03:00.673000
msnv44,76,mmd,16:03:00.691000,16:04:17.290000
msnv44,76,questions,16:04:17.300000,16:04:38.118000
msnv44,72,mmd,16:04:38.133000,16:05:59.160000
msnv44,72,questions,16:05:59.170000,16:06:23.134000
msnv44,66,mmd,16:06:23.153000,16:07:29.765000
msnv44,66,questions,16:07:29.771000,16:07:43.982000
msnv44,20,mmd,16:07:44.014000,16:08:25.574000
msnv44,20,questions,16:08:25.584000,16:08:43.190000
msnv44,74,mmd,16:08:43.209000,16:09:16.780000
msnv44,74,questions,16:09:16.791000,16:09:37.054000
msnv44,28,mmd,16:09:37.073000,16:10:37.035000
msnv44,28,questions,16:10:37.045000,16:10:55.207000
msnv44,11,mmd,16:10:55.226000,16:11:31.300000
msnv44,11,questions,16:11:31.311000,16:11:56.095000
msnv44,30,mmd,16:11:56.113000,16:12:43.104000
msnv44,30,questions,16:12:43.114000,16:12:59.633000
msnv44,5,mmd,16:12:59.651000,16:14:45.827000
msnv44,5,questions,16:14:45.838000,16:15:14.328000
msnv29,3,mmd,09:35:59.765000,09:37:57.807000
msnv29,3,questions,09:37:57.814000,09:38:47.807000
msnv29,60,mmd,09:38:47.829000,09:39:37.678000
msnv29,60,questions,09:39:37.690000,09:40:01.343000
msnv29,66,mmd,09:40:01.363000,09:41:16.719000
msnv29,66,questions,09:41:16.729000,09:41:30.261000
msnv29,5,mmd,09:41:30.279000,09:43:31.358000
msnv29,5,questions,09:43:31.368000,09:44:17.121000
msnv29,72,mmd,09:44:17.146000,09:45:09.447000
msnv29,72,questions,09:45:09.457000,09:45:34.144000
msnv29,76,mmd,09:45:34.162000,09:46:23.729000
msnv29,76,questions,09:46:23.740000,09:46:56.208000
msnv29,30,mmd,09:46:56.227000,09:48:02.535000
msnv29,30,questions,09:48:02.546000,09:48:28.447000
msnv29,62,mmd,09:48:28.461000,09:49:33.831000
msnv29,62,questions,09:49:33.841000,09:50:10.128000
msnv29,28,mmd,09:50:10.147000,09:51:27.136000
msnv29,28,questions,09:51:27.146000,09:51:47.311000
msnv29,20,mmd,09:51:47.329000,09:52:43.390000
msnv29,20,questions,09:52:43.400000,09:53:07.246000
msnv29,27,mmd,09:53:07.265000,09:54:16.401000
msnv29,27,questions,09:54:16.411000,09:54:31.712000
msnv29,11,mmd,09:54:31.730000,09:55:27.044000
msnv29,11,questions,09:55:27.054000,09:55:53.633000
msnv29,74,mmd,09:55:53.652000,09:56:34.554000
msnv29,74,questions,09:56:34.565000,09:56:46.463000
msnv29,9,mmd,09:56:46.481000,09:57:28.742000
msnv29,9,questions,09:57:28.752000,09:57:58.617000
msnv54,74,mmd,14:06:23.270000,14:07:10.385000
msnv54,74,questions,14:07:10.392000,14:07:40.578000
msnv54,66,mmd,14:07:40.598000,14:08:48.963000
msnv54,66,questions,14:08:48.973000,14:09:21.985000
msnv54,5,mmd,14:09:22.003000,14:11:00.122000
msnv54,5,questions,14:11:00.132000,14:11:36.934000
msnv54,11,mmd,14:11:36.953000,14:12:22.859000
msnv54,11,questions,14:12:22.874000,14:12:57.457000
msnv54,76,mmd,14:12:57.474000,14:13:57.681000
msnv54,76,questions,14:13:57.692000,14:14:17.593000
msnv54,60,mmd,14:14:17.614000,14:14:56.024000
msnv54,60,questions,14:14:56.035000,14:15:34.152000
msnv54,9,mmd,14:15:34.171000,14:16:49.367000
msnv54,9,questions,14:16:49.377000,14:17:28.162000
msnv54,3,mmd,14:17:28.180000,14:18:54.143000
msnv54,3,questions,14:18:54.154000,14:19:41.350000
msnv54,27,mmd,14:19:41.372000,14:20:42.726000
msnv54,27,questions,14:20:42.736000,14:21:10.266000
msnv54,30,mmd,14:21:10.285000,14:22:00.945000
msnv54,30,questions,14:22:00.955000,14:22:27.507000
msnv54,20,mmd,14:22:27.526000,14:23:06.833000
msnv54,20,questions,14:23:06.854000,14:23:38.036000
msnv54,28,mmd,14:23:38.054000,14:24:39.095000
msnv54,28,questions,14:24:39.105000,14:25:02.853000
msnv54,62,mmd,14:25:02.872000,14:26:02.328000
msnv54,62,questions,14:26:02.350000,14:26:50.884000
msnv54,72,mmd,14:26:50.901000,14:27:40.510000
msnv54,72,questions,14:27:40.520000,14:28:13.770000
msnv56,9,mmd,12:28:02.130000,12:28:47.562000
msnv56,9,questions,12:28:47.571000,12:29:22.933000
msnv56,28,mmd,12:29:22.950000,12:29:54.552000
msnv56,28,questions,12:29:54.564000,12:30:13.628000
msnv56,66,mmd,12:30:13.648000,12:30:51.442000
msnv56,66,questions,12:30:51.452000,12:31:07.924000
msnv56,76,mmd,12:31:07.942000,12:31:30.147000
msnv56,76,questions,12:31:30.157000,12:31:56.084000
msnv56,20,mmd,12:31:56.102000,12:32:16.748000
msnv56,20,questions,12:32:16.758000,12:32:39.045000
msnv56,62,mmd,12:32:39.063000,12:33:28
msnv56,62,questions,12:33:28.025000,12:34:00.255000
msnv56,5,mmd,12:34:00.273000,12:35:08.004000
msnv56,5,questions,12:35:08.025000,12:35:38.439000
msnv56,3,mmd,12:35:38.457000,12:36:43.856000
msnv56,3,questions,12:36:43.866000,12:37:21.026000
msnv56,74,mmd,12:37:21.046000,12:37:50.350000
msnv56,74,questions,12:37:50.361000,12:37:59.828000
msnv56,60,mmd,12:37:59.847000,12:38:29.052000
msnv56,60,questions,12:38:29.063000,12:38:52.494000
msnv56,27,mmd,12:38:52.523000,12:39:22.343000
msnv56,27,questions,12:39:22.353000,12:39:51.255000
msnv56,30,mmd,12:39:51.273000,12:40:18.754000
msnv56,30,questions,12:40:18.764000,12:40:33.573000
msnv56,11,mmd,12:40:33.591000,12:40:55.328000
msnv56,11,questions,12:40:55.338000,12:41:23.119000
msnv56,72,mmd,12:41:23.137000,12:41:43.911000
msnv56,72,questions,12:41:43.921000,12:42:02.925000
msnv28,5,mmd,14:06:29.946000,14:08:14.302000
msnv28,5,questions,14:08:14.308000,14:08:49.121000
msnv28,3,mmd,14:08:49.139000,14:10:38.196000
msnv28,3,questions,14:10:38.206000,14:10:58.691000
msnv28,27,mmd,14:10:58.710000,14:12:01.437000
msnv28,27,questions,14:12:01.447000,14:12:11.567000
msnv28,76,mmd,14:12:11.585000,14:12:43.040000
msnv28,76,questions,14:12:43.051000,14:13:05.347000
msnv28,20,mmd,14:13:05.366000,14:13:37.877000
msnv28,20,questions,14:13:37.888000,14:14:00.699000
msnv28,30,mmd,14:14:00.717000,14:14:38.544000
msnv28,30,questions,14:14:38.550000,14:14:55.874000
msnv28,62,mmd,14:14:55.897000,14:15:45.906000
msnv28,62,questions,14:15:45.918000,14:16:16.692000
msnv28,9,mmd,14:16:16.710000,14:17:13.621000
msnv28,9,questions,14:17:13.631000,14:17:39.092000
msnv28,11,mmd,14:17:39.110000,14:18:19.922000
msnv28,11,questions,14:18:19.934000,14:18:42.004000
msnv28,60,mmd,14:18:42.022000,14:19:11.312000
msnv28,60,questions,14:19:11.323000,14:19:29.475000
msnv28,72,mmd,14:19:29.508000,14:20:20.789000
msnv28,72,questions,14:20:20.799000,14:20:35.684000
msnv28,28,mmd,14:20:35.702000,14:21:30.106000
msnv28,28,questions,14:21:30.116000,14:21:45.299000
msnv28,66,mmd,14:21:45.318000,14:22:39.723000
msnv28,66,questions,14:22:39.733000,14:22:47.465000
msnv28,74,mmd,14:22:47.496000,14:23:28.481000
msnv28,74,questions,14:23:28.503000,14:23:38.217000
msnv57,20,mmd,15:38:06.040000,15:38:50.375000
msnv57,20,questions,15:38:50.388000,15:39:08.968000
msnv57,74,mmd,15:39:09,15:39:56.899000
msnv57,74,questions,15:39:56.913000,15:40:10.392000
msnv57,72,mmd,15:40:10.410000,15:41:02.110000
msnv57,72,questions,15:41:02.125000,15:41:19.607000
msnv57,30,mmd,15:41:19.625000,15:42:00.433000
msnv57,30,questions,15:42:00.443000,15:42:27.503000
msnv57,66,mmd,15:42:27.520000,15:43:10.352000
msnv57,66,questions,15:43:10.363000,15:43:22.199000
msnv57,3,mmd,15:43:22.218000,15:44:51.654000
msnv57,3,questions,15:44:51.669000,15:45:25.058000
msnv57,9,mmd,15:45:25.076000,15:46:27.727000
msnv57,9,questions,15:46:27.737000,15:46:53.225000
msnv57,27,mmd,15:46:53.244000,15:47:47.149000
msnv57,27,questions,15:47:47.159000,15:47:56.622000
msnv57,62,mmd,15:47:56.641000,15:48:48.671000
msnv57,62,questions,15:48:48.681000,15:49:35.703000
msnv57,11,mmd,15:49:35.721000,15:50:08.850000
msnv57,11,questions,15:50:08.860000,15:50:30.535000
msnv57,60,mmd,15:50:30.548000,15:51:12.524000
msnv57,60,questions,15:51:12.535000,15:51:23.841000
msnv57,5,mmd,15:51:23.859000,15:52:36.935000
msnv57,5,questions,15:52:36.944000,15:53:04.784000
msnv57,28,mmd,15:53:04.803000,15:54:01.263000
msnv57,28,questions,15:54:01.275000,15:54:21.817000
msnv57,76,mmd,15:54:21.835000,15:54:49.921000
msnv57,76,questions,15:54:49.932000,15:55:10.880000
msnv60,3,mmd,09:26:18.888000,09:27:48.043000
msnv60,3,questions,09:27:48.049000,09:28:33.632000
msnv60,66,mmd,09:28:33.651000,09:29:27.257000
msnv60,66,questions,09:29:27.267000,09:29:38.470000
msnv60,20,mmd,09:29:38.499000,09:30:07.483000
msnv60,20,questions,09:30:07.494000,09:30:22.197000
msnv60,9,mmd,09:30:22.215000,09:31:06.946000
msnv60,9,questions,09:31:06.955000,09:31:25.656000
msnv60,76,mmd,09:31:25.674000,09:32:04.173000
msnv60,76,questions,09:32:04.182000,09:32:25.094000
msnv60,27,mmd,09:32:25.111000,09:33:10.068000
msnv60,27,questions,09:33:10.078000,09:33:24.591000
msnv60,72,mmd,09:33:24.610000,09:34:15.106000
msnv60,72,questions,09:34:15.116000,09:34:32.799000
msnv60,11,mmd,09:34:32.818000,09:35:07.254000
msnv60,11,questions,09:35:07.263000,09:35:28.622000
msnv60,60,mmd,09:35:28.640000,09:36:00.060000
msnv60,60,questions,09:36:00.066000,09:36:28.239000
msnv60,5,mmd,09:36:28.256000,09:37:28.603000
msnv60,5,questions,09:37:28.613000,09:37:52.730000
msnv60,30,mmd,09:37:52.752000,09:38:26.697000
msnv60,30,questions,09:38:26.703000,09:38:37.814000
msnv60,62,mmd,09:38:37.830000,09:39:24.265000
msnv60,62,questions,09:39:24.275000,09:39:58.081000
msnv60,28,mmd,09:39:58.099000,09:40:26.548000
msnv60,28,questions,09:40:26.558000,09:40:43.029000
msnv60,74,mmd,09:40:43.047000,09:41:16.329000
msnv60,74,questions,09:41:16.339000,09:41:26.133000
msnv63,72,mmd,13:41:39.055000,13:42:38.241000
msnv63,72,questions,13:42:38.252000,13:43:26.148000
msnv63,3,mmd,13:43:26.170000,13:44:59.790000
msnv63,3,questions,13:44:59.802000,13:45:49.803000
msnv63,9,mmd,13:45:49.822000,13:46:46.121000
msnv63,9,questions,13:46:46.131000,13:47:01.745000
msnv63,62,mmd,13:47:01.762000,13:47:51.068000
msnv63,62,questions,13:47:51.079000,13:48:18.268000
msnv63,27,mmd,13:48:18.283000,13:49:30.796000
msnv63,27,questions,13:49:30.807000,13:49:49.275000
msnv63,11,mmd,13:49:49.290000,13:50:46.431000
msnv63,11,questions,13:50:46.441000,13:51:52.644000
msnv63,5,mmd,13:51:52.668000,13:53:19.324000
msnv63,5,questions,13:53:19.336000,13:54:24.196000
msnv63,66,mmd,13:54:24.219000,13:55:03.311000
msnv63,66,questions,13:55:03.317000,13:55:15.052000
msnv63,60,mmd,13:55:15.072000,13:55:58.455000
msnv63,60,questions,13:55:58.465000,13:56:11.483000
msnv63,20,mmd,13:56:11.501000,13:56:38.274000
msnv63,20,questions,13:56:38.286000,13:56:54.298000
msnv63,28,mmd,13:56:54.317000,13:57:34.918000
msnv63,28,questions,13:57:34.928000,13:57:59.931000
msnv63,76,mmd,13:57:59.949000,13:58:38.242000
msnv63,76,questions,13:58:38.252000,13:58:55.018000
msnv63,74,mmd,13:58:55.046000,13:59:20.604000
msnv63,74,questions,13:59:20.615000,13:59:31.306000
msnv63,30,mmd,13:59:31.324000,14:00:12.409000
msnv63,30,questions,14:00:12.420000,14:00:40.835000
msnv64,5,mmd,15:03:17.579000,15:04:42.986000
msnv64,5,questions,15:04:42.996000,15:05:34.718000
msnv64,62,mmd,15:05:34.736000,15:06:09.984000
msnv64,62,questions,15:06:09.994000,15:06:57.582000
msnv64,76,mmd,15:06:57.599000,15:07:44.315000
msnv64,76,questions,15:07:44.325000,15:08:11.327000
msnv64,30,mmd,15:08:11.346000,15:08:59.121000
msnv64,30,questions,15:08:59.131000,15:09:27.912000
msnv64,74,mmd,15:09:27.930000,15:10:02.311000
msnv64,74,questions,15:10:02.321000,15:10:22.998000
msnv64,20,mmd,15:10:23.017000,15:10:52.557000
msnv64,20,questions,15:10:52.567000,15:11:11.567000
msnv64,28,mmd,15:11:11.585000,15:12:00.890000
msnv64,28,questions,15:12:00.900000,15:12:29.368000
msnv64,66,mmd,15:12:29.386000,15:13:10.936000
msnv64,66,questions,15:13:10.946000,15:13:24.871000
msnv64,72,mmd,15:13:24.894000,15:14:05.732000
msnv64,72,questions,15:14:05.742000,15:14:23.690000
msnv64,27,mmd,15:14:23.740000,15:14:58.091000
msnv64,27,questions,15:14:58.103000,15:15:12.979000
msnv64,9,mmd,15:15:12.997000,15:16:02.701000
msnv64,9,questions,15:16:02.711000,15:16:31.490000
msnv64,11,mmd,15:16:31.509000,15:17:05.207000
msnv64,11,questions,15:17:05.217000,15:17:36.392000
msnv64,3,mmd,15:17:36.411000,15:18:39.673000
msnv64,3,questions,15:18:39.684000,15:19:11.511000
msnv64,60,mmd,15:19:11.529000,15:19:46.144000
msnv64,60,questions,15:19:46.153000,15:20:50.848000
msnv65,9,mmd,09:17:01.205000,09:17:54.654000
msnv65,9,questions,09:17:54.664000,09:18:22.746000
msnv65,66,mmd,09:18:22.764000,09:18:55.191000
msnv65,66,questions,09:18:55.201000,09:19:06.435000
msnv65,20,mmd,09:19:06.454000,09:19:28.517000
msnv65,20,questions,09:19:28.527000,09:19:46.532000
msnv65,30,mmd,09:19:46.551000,09:20:18.363000
msnv65,30,questions,09:20:18.375000,09:20:41.090000
msnv65,60,mmd,09:20:41.110000,09:21:02.307000
msnv65,60,questions,09:21:02.318000,09:21:18.492000
msnv65,62,mmd,09:21:18.533000,09:22:06.047000
msnv65,62,questions,09:22:06.057000,09:22:33.754000
msnv65,74,mmd,09:22:33.772000,09:23:08.355000
msnv65,74,questions,09:23:08.361000,09:23:24.282000
msnv65,11,mmd,09:23:24.300000,09:23:56.645000
msnv65,11,questions,09:23:56.655000,09:24:16.892000
msnv65,3,mmd,09:24:16.912000,09:25:28.808000
msnv65,3,questions,09:25:28.817000,09:25:54.716000
msnv65,76,mmd,09:25:54.735000,09:26:41.701000
msnv65,76,questions,09:26:41.711000,09:27:10.235000
msnv65,28,mmd,09:27:10.254000,09:27:54.222000
msnv65,28,questions,09:27:54.231000,09:28:18.362000
msnv65,5,mmd,09:28:18.380000,09:29:40.882000
msnv65,5,questions,09:29:40.892000,09:30:07.794000
msnv65,27,mmd,09:30:07.812000,09:30:49.586000
msnv65,27,questions,09:30:49.597000,09:31:01.179000
msnv65,72,mmd,09:31:01.198000,09:31:43.533000
msnv65,72,questions,09:31:43.543000,09:31:58.787000
msnv66,66,mmd,10:39:35.773000,10:40:33.911000
msnv66,66,questions,10:40:33.921000,10:40:54.493000
msnv66,62,mmd,10:40:54.511000,10:41:29.365000
msnv66,62,questions,10:41:29.376000,10:42:13.638000
msnv66,30,mmd,10:42:13.655000,10:42:56.653000
msnv66,30,questions,10:42:56.663000,10:43:46.447000
msnv66,28,mmd,10:43:46.466000,10:44:34.311000
msnv66,28,questions,10:44:34.325000,10:44:53.478000
msnv66,20,mmd,10:44:53.496000,10:45:29.088000
msnv66,20,questions,10:45:29.098000,10:45:49.878000
msnv66,11,mmd,10:45:49.897000,10:46:34.634000
msnv66,11,questions,10:46:34.644000,10:46:58.750000
msnv66,74,mmd,10:46:58.769000,10:47:34.792000
msnv66,74,questions,10:47:34.802000,10:47:48.501000
msnv66,60,mmd,10:47:48.519000,10:48:15.018000
msnv66,60,questions,10:48:15.032000,10:48:44.360000
msnv66,72,mmd,10:48:44.379000,10:49:34.417000
msnv66,72,questions,10:49:34.439000,10:50:03.759000
msnv66,3,mmd,10:50:03.777000,10:51:41.222000
msnv66,3,questions,10:51:41.232000,10:52:13.415000
msnv66,76,mmd,10:52:13.448000,10:52:49.472000
msnv66,76,questions,10:52:49.484000,10:53:08.270000
msnv66,9,mmd,10:53:08.289000,10:54:07.551000
msnv66,9,questions,10:54:07.562000,10:54:35.095000
msnv66,27,mmd,10:54:35.113000,10:55:35.515000
msnv66,27,questions,10:55:35.526000,10:55:58.589000
msnv66,5,mmd,10:55:58.608000,10:57:25.246000
msnv66,5,questions,10:57:25.257000,10:57:57.312000
msnv69,62,mmd,15:30:31.805000,15:31:20.861000
msnv69,62,questions,15:31:20.872000,15:32:00.613000
msnv69,66,mmd,15:32:00.630000,15:33:30.580000
msnv69,66,questions,15:33:30.602000,15:33:54.430000
msnv69,27,mmd,15:33:54.444000,15:34:55.972000
msnv69,27,questions,15:34:55.982000,15:35:19.862000
msnv69,20,mmd,15:35:19.880000,15:35:59.837000
msnv69,20,questions,15:35:59.847000,15:36:23.207000
msnv69,28,mmd,15:36:23.229000,15:37:22.238000
msnv69,28,questions,15:37:22.248000,15:37:43.677000
msnv69,72,mmd,15:37:43.694000,15:38:27.725000
msnv69,72,questions,15:38:27.736000,15:38:51.832000
msnv69,74,mmd,15:38:51.854000,15:39:30.181000
msnv69,74,questions,15:39:30.191000,15:39:43.542000
msnv69,5,mmd,15:39:43.561000,15:41:47.470000
msnv69,5,questions,15:41:47.481000,15:42:19.919000
msnv69,3,mmd,15:42:19.938000,15:44:10.652000
msnv69,3,questions,15:44:10.662000,15:44:45.752000
msnv69,60,mmd,15:44:45.771000,15:45:18.048000
msnv69,60,questions,15:45:18.058000,15:45:34.855000
msnv69,76,mmd,15:45:34.872000,15:46:26.848000
msnv69,76,questions,15:46:26.858000,15:46:49.901000
msnv69,30,mmd,15:46:49.918000,15:47:28.006000
msnv69,30,questions,15:47:28.016000,15:47:53.823000
msnv69,11,mmd,15:47:53.842000,15:48:53.030000
msnv69,11,questions,15:48:53.040000,15:49:18.310000
msnv69,9,mmd,15:49:18.328000,15:50:23.833000
msnv69,9,questions,15:50:23.845000,15:50:44.143000
msnv20,20,mmd,18:38:36.181000,18:39:46.936000
msnv20,20,questions,18:39:46.954000,18:40:11.056000
msnv20,27,mmd,18:40:11.075000,18:41:34.810000
msnv20,27,questions,18:41:34.820000,18:42:11.960000
msnv20,11,mmd,18:42:11.981000,18:43:01.954000
msnv20,11,questions,18:43:01.967000,18:43:30.657000
msnv20,5,mmd,18:43:30.676000,18:45:41.340000
msnv20,5,questions,18:45:41.346000,18:46:23.664000
msnv20,9,mmd,18:46:23.686000,18:47:38.329000
msnv20,9,questions,18:47:38.337000,18:47:59.673000
msnv20,30,mmd,18:47:59.692000,18:49:21.518000
msnv20,30,questions,18:49:21.528000,18:49:37.026000
msnv20,60,mmd,18:49:37.046000,18:50:42.470000
msnv20,60,questions,18:50:42.481000,18:51:08.719000
msnv20,3,mmd,18:51:08.738000,18:53:25.707000
msnv20,3,questions,18:53:25.718000,18:53:53.819000
msnv20,66,mmd,18:53:53.838000,18:55:03.032000
msnv20,66,questions,18:55:03.042000,18:55:17.201000
msnv20,62,mmd,18:55:17.220000,18:57:10.751000
msnv20,62,questions,18:57:10.760000,18:58:06.619000
msnv20,74,mmd,18:58:06.639000,18:59:06.377000
msnv20,74,questions,18:59:06.388000,18:59:17.618000
msnv20,76,mmd,18:59:17.636000,19:00:12.733000
msnv20,76,questions,19:00:12.743000,19:00:53.073000
msnv20,72,mmd,19:00:53.092000,19:01:42.726000
msnv20,72,questions,19:01:42.736000,19:02:17.490000
msnv20,28,mmd,19:02:17.508000,19:04:07.310000
msnv20,28,questions,19:04:07.320000,19:04:26.329000
msnv71,66,mmd,09:16:54.634000,09:18:14.200000
msnv71,66,questions,09:18:14.210000,09:18:34.853000
msnv71,76,mmd,09:18:34.871000,09:19:30.256000
msnv71,76,questions,09:19:30.266000,09:20:09.621000
msnv71,30,mmd,09:20:09.640000,09:21:02.226000
msnv71,30,questions,09:21:02.236000,09:21:30.582000
msnv71,20,mmd,09:21:30.600000,09:22:43.573000
msnv71,20,questions,09:22:43.588000,09:23:08.157000
msnv71,60,mmd,09:23:08.176000,09:24:02.459000
msnv71,60,questions,09:24:02.469000,09:25:01.079000
msnv71,72,mmd,09:25:01.102000,09:26:04.801000
msnv71,72,questions,09:26:04.811000,09:26:49.143000
msnv71,11,mmd,09:26:49.165000,09:27:43.423000
msnv71,11,questions,09:27:43.429000,09:28:35.119000
msnv71,27,mmd,09:28:35.137000,09:29:54.915000
msnv71,27,questions,09:29:54.925000,09:30:24.648000
msnv71,9,mmd,09:30:24.666000,09:31:50.562000
msnv71,9,questions,09:31:50.577000,09:32:32.664000
msnv71,62,mmd,09:32:32.687000,09:33:28.040000
msnv71,62,questions,09:33:28.061000,09:34:15.497000
msnv71,3,mmd,09:34:15.515000,09:36:19.613000
msnv71,3,questions,09:36:19.623000,09:37:07.833000
msnv71,28,mmd,09:37:07.851000,09:38:30.165000
msnv71,28,questions,09:38:30.175000,09:38:57.992000
msnv71,5,mmd,09:38:58.009000,09:41:05.884000
msnv71,5,questions,09:41:05.898000,09:41:53.232000
msnv71,74,mmd,09:41:53.253000,09:42:51.798000
msnv71,74,questions,09:42:51.807000,09:43:03.064000
msnv68,11,mmd,10:31:09.799000,10:32:05.504000
msnv68,11,questions,10:32:05.514000,10:32:29.773000
msnv68,76,mmd,10:32:29.790000,10:33:05.236000
msnv68,76,questions,10:33:05.246000,10:33:19.739000
msnv68,20,mmd,10:33:19.758000,10:33:56.592000
msnv68,20,questions,10:33:56.602000,10:34:08.690000
msnv68,28,mmd,10:34:08.707000,10:35:14.921000
msnv68,28,questions,10:35:14.931000,10:35:33.050000
msnv68,5,mmd,10:35:33.067000,10:36:49.497000
msnv68,5,questions,10:36:49.506000,10:37:16.666000
msnv68,27,mmd,10:37:16.685000,10:38:15.017000
msnv68,27,questions,10:38:15.031000,10:38:29.434000
msnv68,9,mmd,10:38:29.453000,10:39:21.273000
msnv68,9,questions,10:39:21.284000,10:39:42.188000
msnv68,3,mmd,10:39:42.206000,10:40:49.840000
msnv68,3,questions,10:40:49.850000,10:41:15.299000
msnv68,72,mmd,10:41:15.318000,10:42:01.379000
msnv68,72,questions,10:42:01.389000,10:42:29.139000
msnv68,60,mmd,10:42:29.172000,10:43:21.248000
msnv68,60,questions,10:43:21.258000,10:43:50.748000
msnv68,66,mmd,10:43:50.768000,10:44:30.718000
msnv68,66,questions,10:44:30.728000,10:44:43.572000
msnv68,74,mmd,10:44:43.590000,10:45:14.735000
msnv68,74,questions,10:45:14.745000,10:45:26.324000
msnv68,62,mmd,10:45:26.343000,10:46:36.187000
msnv68,62,questions,10:46:36.197000,10:47:04.468000
msnv68,30,mmd,10:47:04.486000,10:48:03.950000
msnv68,30,questions,10:48:03.957000,10:48:19.547000
msnv70,30,mmd,13:54:49.644000,13:55:23.390000
msnv70,30,questions,13:55:23.396000,13:55:48.773000
msnv70,5,mmd,13:55:48.791000,13:56:51.295000
msnv70,5,questions,13:56:51.305000,13:57:29.006000
msnv70,66,mmd,13:57:29.025000,13:58:06.393000
msnv70,66,questions,13:58:06.403000,13:58:18.877000
msnv70,60,mmd,13:58:18.891000,13:58:41.786000
msnv70,60,questions,13:58:41.797000,13:59:07.390000
msnv70,3,mmd,13:59:07.409000,13:59:59.298000
msnv70,3,questions,13:59:59.310000,14:00:54.957000
msnv70,62,mmd,14:00:54.976000,14:01:29.560000
msnv70,62,questions,14:01:29.571000,14:02:36.956000
msnv70,76,mmd,14:02:36.979000,14:02:59.140000
msnv70,76,questions,14:02:59.150000,14:03:29.703000
msnv70,72,mmd,14:03:29.721000,14:04:02.756000
msnv70,72,questions,14:04:02.766000,14:04:35.137000
msnv70,27,mmd,14:04:35.156000,14:05:11.240000
msnv70,27,questions,14:05:11.250000,14:05:23.726000
msnv70,28,mmd,14:05:23.744000,14:05:55.059000
msnv70,28,questions,14:05:55.069000,14:06:33.119000
msnv70,20,mmd,14:06:33.137000,14:06:57.083000
msnv70,20,questions,14:06:57.093000,14:07:20.910000
msnv70,9,mmd,14:07:20.929000,14:07:53.401000
msnv70,9,questions,14:07:53.415000,14:08:48.053000
msnv70,74,mmd,14:08:48.072000,14:09:07.954000
msnv70,74,questions,14:09:07.965000,14:09:20.734000
msnv70,11,mmd,14:09:20.753000,14:09:46.690000
msnv70,11,questions,14:09:46.705000,14:10:18.837000
msnv74,76,mmd,12:56:36.428000,12:57:33.220000
msnv74,76,questions,12:57:33.230000,12:57:51.845000
msnv74,5,mmd,12:57:51.913000,12:59:21.844000
msnv74,5,questions,12:59:21.854000,12:59:38.007000
msnv74,20,mmd,12:59:38.024000,13:00:34.370000
msnv74,20,questions,13:00:34.380000,13:00:47.838000
msnv74,74,mmd,13:00:47.856000,13:01:41.358000
msnv74,74,questions,13:01:41.373000,13:01:51.359000
msnv74,60,mmd,13:01:51.378000,13:02:22.496000
msnv74,60,questions,13:02:22.511000,13:02:42.785000
msnv74,27,mmd,13:02:42.820000,13:03:31.747000
msnv74,27,questions,13:03:31.758000,13:03:49.704000
msnv74,3,mmd,13:03:49.727000,13:05:05.873000
msnv74,3,questions,13:05:05.884000,13:05:24.026000
msnv74,30,mmd,13:05:24.044000,13:05:58.174000
msnv74,30,questions,13:05:58.184000,13:06:31.112000
msnv74,62,mmd,13:06:31.130000,13:07:16.240000
msnv74,62,questions,13:07:16.251000,13:07:45.449000
msnv74,28,mmd,13:07:45.467000,13:08:29.388000
msnv74,28,questions,13:08:29.399000,13:08:48.048000
msnv74,72,mmd,13:08:48.066000,13:09:33.019000
msnv74,72,questions,13:09:33.029000,13:09:54.823000
msnv74,66,mmd,13:09:54.841000,13:10:40.401000
msnv74,66,questions,13:10:40.412000,13:10:54.462000
msnv74,9,mmd,13:10:54.479000,13:11:43.237000
msnv74,9,questions,13:11:43.247000,13:12:01.353000
msnv74,11,mmd,13:12:01.371000,13:12:45.264000
msnv74,11,questions,13:12:45.274000,13:12:58.770000
msnv75,74,mmd,11:57:04.644000,11:57:50.223000
msnv75,74,questions,11:57:50.233000,11:58:01.181000
msnv75,3,mmd,11:58:01.210000,11:59:27.157000
msnv75,3,questions,11:59:27.167000,11:59:48.988000
msnv75,20,mmd,11:59:49.006000,12:00:24.933000
msnv75,20,questions,12:00:24.943000,12:00:36.285000
msnv75,72,mmd,12:00:36.302000,12:01:34.585000
msnv75,72,questions,12:01:34.595000,12:01:53.711000
msnv75,66,mmd,12:01:53.729000,12:02:27.065000
msnv75,66,questions,12:02:27.074000,12:02:36.371000
msnv75,9,mmd,12:02:36.389000,12:03:21.102000
msnv75,9,questions,12:03:21.115000,12:03:45.237000
msnv75,28,mmd,12:03:45.259000,12:04:26.172000
msnv75,28,questions,12:04:26.182000,12:04:46.372000
msnv75,60,mmd,12:04:46.385000,12:05:06.344000
msnv75,60,questions,12:05:06.353000,12:05:24.158000
msnv75,62,mmd,12:05:24.175000,12:06:14.380000
msnv75,62,questions,12:06:14.391000,12:06:53.549000
msnv75,76,mmd,12:06:53.566000,12:07:18.577000
msnv75,76,questions,12:07:18.587000,12:07:43.349000
msnv75,30,mmd,12:07:43.366000,12:08:32.317000
msnv75,30,questions,12:08:32.328000,12:08:48.662000
msnv75,11,mmd,12:08:48.680000,12:09:31.151000
msnv75,11,questions,12:09:31.157000,12:10:00.729000
msnv75,5,mmd,12:10:00.746000,12:11:19.650000
msnv75,5,questions,12:11:19.660000,12:11:35.639000
msnv75,27,mmd,12:11:35.657000,12:12:24.980000
msnv75,27,questions,12:12:24.990000,12:12:39.351000
msnv76,76,mmd,13:57:17.515000,13:57:45.210000
msnv76,76,questions,13:57:45.220000,13:58:05.446000
msnv76,74,mmd,13:58:05.468000,13:58:31.808000
msnv76,74,questions,13:58:31.818000,13:59:32.116000
msnv76,28,mmd,13:59:32.134000,13:59:59.057000
msnv76,28,questions,13:59:59.068000,14:00:13.828000
msnv76Good,30,mmd,14:04:34.707000,14:04:56.310000
msnv76Good,30,questions,14:04:56.320000,14:05:16.483000
msnv76Good,5,mmd,14:05:16.502000,14:06:00.299000
msnv76Good,5,questions,14:06:00.309000,14:06:22.454000
msnv76Good,60,mmd,14:06:22.473000,14:06:45.016000
msnv76Good,60,questions,14:06:45.026000,14:06:59.516000
msnv76Good,11,mmd,14:06:59.535000,14:07:21.374000
msnv76Good,11,questions,14:07:21.384000,14:07:50.045000
msnv76Good,9,mmd,14:07:50.059000,14:08:27.456000
msnv76Good,9,questions,14:08:27.467000,14:09:00.817000
msnv76Good,28,mmd,14:09:00.837000,14:09:12.638000
msnv76Good,28,questions,14:09:12.648000,14:09:26.933000
msnv76Good,72,mmd,14:09:26.951000,14:10:08.559000
msnv76Good,72,questions,14:10:08.570000,14:10:28.006000
msnv76Good,76,mmd,14:10:28.024000,14:10:36.919000
msnv76Good,76,questions,14:10:36.929000,14:10:53.036000
msnv76Good,66,mmd,14:10:53.054000,14:11:18.336000
msnv76Good,66,questions,14:11:18.358000,14:11:30.525000
msnv76Good,20,mmd,14:11:30.543000,14:11:53.064000
msnv76Good,20,questions,14:11:53.077000,14:12:20.164000
msnv76Good,62,mmd,14:12:20.182000,14:12:59.623000
msnv76Good,62,questions,14:12:59.634000,14:13:42.751000
msnv76Good,27,mmd,14:13:42.769000,14:14:10.730000
msnv76Good,27,questions,14:14:10.740000,14:14:23.197000
msnv76Good,74,mmd,14:14:23.216000,14:14:38.986000
msnv76Good,74,questions,14:14:38.997000,14:14:50.493000
msnv76Good,3,mmd,14:14:50.511000,14:15:48.912000
msnv76Good,3,questions,14:15:48.922000,14:16:23.517000
msnv77,62,mmd,15:07:48.158000,15:08:51.658000
msnv77,62,questions,15:08:51.668000,15:09:49.749000
msnv77,27,mmd,15:09:49.769000,15:10:47.401000
msnv77,27,questions,15:10:47.411000,15:12:02.945000
msnv77,30,mmd,15:12:02.966000,15:13:23.475000
msnv77,30,questions,15:13:23.486000,15:14:11.168000
msnv77,3,mmd,15:14:11.187000,15:16:21.177000
msnv77,3,questions,15:16:21.187000,15:17:01.408000
msnv77,76,mmd,15:17:01.428000,15:18:25.261000
msnv77,76,questions,15:18:25.271000,15:18:54.831000
msnv77,5,mmd,15:18:54.850000,15:21:09.005000
msnv77,5,questions,15:21:09.020000,15:22:36.858000
msnv77,74,mmd,15:22:36.877000,15:23:24.215000
msnv77,74,questions,15:23:24.225000,15:23:37.064000
msnv77,9,mmd,15:23:37.083000,15:24:23.173000
msnv77,9,questions,15:24:23.183000,15:24:58.216000
msnv77,11,mmd,15:24:58.236000,15:26:07.292000
msnv77,11,questions,15:26:07.302000,15:26:54.128000
msnv77,66,mmd,15:26:54.151000,15:28:12.030000
msnv77,66,questions,15:28:12.040000,15:28:22.873000
msnv77,28,mmd,15:28:22.892000,15:29:44.774000
msnv77,28,questions,15:29:44.783000,15:30:03.665000
msnv77,60,mmd,15:30:03.683000,15:30:51.803000
msnv77,60,questions,15:30:51.813000,15:31:37.807000
msnv77,20,mmd,15:31:37.826000,15:32:02.902000
msnv77,20,questions,15:32:02.911000,15:32:34.768000
msnv77,72,mmd,15:32:34.787000,15:33:43.656000
msnv77,72,questions,15:33:43.667000,15:34:20.809000
msnv78,74,mmd,16:52:21.813000,16:52:57.166000
msnv78,74,questions,16:52:57.177000,16:53:08.093000
msnv78,3,mmd,16:53:08.111000,16:54:33.121000
msnv78,3,questions,16:54:33.133000,16:54:51.407000
msnv78,72,mmd,16:54:51.425000,16:55:36.693000
msnv78,72,questions,16:55:36.703000,16:55:52.031000
msnv78,30,mmd,16:55:52.050000,16:56:40.207000
msnv78,30,questions,16:56:40.217000,16:56:54.054000
msnv78,27,mmd,16:56:54.071000,16:57:34.761000
msnv78,27,questions,16:57:34.771000,16:57:54.845000
msnv78,28,mmd,16:57:54.863000,16:58:41.631000
msnv78,28,questions,16:58:41.641000,16:59:00.870000
msnv78,60,mmd,16:59:00.889000,16:59:38.815000
msnv78,60,questions,16:59:38.825000,16:59:57.365000
msnv78,66,mmd,16:59:57.383000,17:00:41.183000
msnv78,66,questions,17:00:41.193000,17:00:53.509000
msnv78,11,mmd,17:00:53.528000,17:01:48.694000
msnv78,11,questions,17:01:48.704000,17:02:15.024000
msnv78,5,mmd,17:02:15.044000,17:03:58.180000
msnv78,5,questions,17:03:58.190000,17:04:32.758000
msnv78,20,mmd,17:04:32.777000,17:04:56.753000
msnv78,20,questions,17:04:56.763000,17:05:26.478000
msnv78,9,mmd,17:05:26.496000,17:06:04.373000
msnv78,9,questions,17:06:04.383000,17:06:18.765000
msnv78,62,mmd,17:06:18.784000,17:07:01.990000
msnv78,62,questions,17:07:02.002000,17:07:37.502000
msnv78,76,mmd,17:07:37.525000,17:08:13.512000
msnv78,76,questions,17:08:13.523000,17:08:27.030000
msnv85,72,mmd,12:23:46.073000,12:24:06.049000
msnv85,72,questions,12:24:06.060000,12:24:29.598000
msnv85,76,mmd,12:24:29.616000,12:25:01.502000
msnv85,76,questions,12:25:01.512000,12:25:17.869000
msnv85,11,mmd,12:25:17.886000,12:25:50.519000
msnv85,11,questions,12:25:50.529000,12:26:13.008000
msnv85,60,mmd,12:26:13.027000,12:26:53.941000
msnv85,60,questions,12:26:53.951000,12:27:03.140000
msnv85,66,mmd,12:27:03.158000,12:27:33.292000
msnv85,66,questions,12:27:33.303000,12:27:51.190000
msnv85,28,mmd,12:27:51.209000,12:28:42.257000
msnv85,28,questions,12:28:42.279000,12:29:33.590000
msnv85,62,mmd,12:29:33.609000,12:30:09.047000
msnv85,62,questions,12:30:09.058000,12:30:38.423000
msnv85,3,mmd,12:30:38.440000,12:31:43.355000
msnv85,3,questions,12:31:43.366000,12:32:10.422000
msnv85,5,mmd,12:32:10.440000,12:33:23.377000
msnv85,5,questions,12:33:23.388000,12:33:53.660000
msnv85,9,mmd,12:33:53.679000,12:34:34.478000
msnv85,9,questions,12:34:34.488000,12:34:58.487000
msnv85,27,mmd,12:34:58.506000,12:35:50.060000
msnv85,27,questions,12:35:50.070000,12:36:04.591000
msnv85,30,mmd,12:36:04.610000,12:36:51.758000
msnv85,30,questions,12:36:51.780000,12:37:37.125000
msnv85,20,mmd,12:37:37.148000,12:37:54.239000
msnv85,20,questions,12:37:54.249000,12:38:07.150000
msnv85,74,mmd,12:38:07.169000,12:38:26.408000
msnv85,74,questions,12:38:26.418000,12:38:37.757000
msnv79,5,mmd,14:28:10.425000,14:32:21.459000
msnv79,5,questions,14:32:21.469000,14:33:29.052000
msnv79,76,mmd,14:33:29.074000,14:33:56.222000
msnv79,76,questions,14:33:56.232000,14:34:26.548000
msnv79,74,mmd,14:34:26.567000,14:34:54.920000
msnv79,74,questions,14:34:54.933000,14:35:17.963000
msnv79,30,mmd,14:35:17.982000,14:35:52.826000
msnv79,30,questions,14:35:52.836000,14:36:37.692000
msnv79,27,mmd,14:36:37.714000,14:37:09.597000
msnv79,27,questions,14:37:09.607000,14:37:36.989000
msnv79,9,mmd,14:37:37.007000,14:38:07.603000
msnv79,9,questions,14:38:07.614000,14:38:49.699000
msnv79,62,mmd,14:38:49.721000,14:39:44.299000
msnv79,62,questions,14:39:44.310000,14:40:27.646000
msnv79,3,mmd,14:40:27.669000,14:41:18.692000
msnv79,3,questions,14:41:18.702000,14:41:56.181000
msnv79,60,mmd,14:41:56.198000,14:42:35.983000
msnv79,60,questions,14:42:35.993000,14:43:18.061000
msnv79,66,mmd,14:43:18.081000,14:44:01.577000
msnv79,66,questions,14:44:01.588000,14:44:19.547000
msnv79,72,mmd,14:44:19.566000,14:45:12.004000
msnv79,72,questions,14:45:12.014000,14:45:50.988000
msnv79,11,mmd,14:45:51.006000,14:46:29.906000
msnv79,11,questions,14:46:29.916000,14:47:27.652000
msnv79,20,mmd,14:47:27.675000,14:48:22.347000
msnv79,20,questions,14:48:22.362000,14:48:48.180000
msnv79,28,mmd,14:48:48.198000,14:49:19.047000
msnv79,28,questions,14:49:19.057000,14:49:46.923000
msnv73,3,mmd,16:01:13.193000,16:02:30.527000
msnv73,3,questions,16:02:30.537000,16:03:08.085000
msnv73,30,mmd,16:03:08.104000,16:03:44.326000
msnv73,30,questions,16:03:44.337000,16:04:06.768000
msnv73,27,mmd,16:04:06.786000,16:04:48.273000
msnv73,27,questions,16:04:48.283000,16:05:02.326000
msnv73,20,mmd,16:05:02.344000,16:05:24.214000
msnv73,20,questions,16:05:24.224000,16:05:38.545000
msnv73,11,mmd,16:05:38.581000,16:06:00.415000
msnv73,11,questions,16:06:00.426000,16:06:26.490000
msnv73,28,mmd,16:06:26.508000,16:06:54.228000
msnv73,28,questions,16:06:54.238000,16:07:14.553000
msnv73,72,mmd,16:07:14.591000,16:07:50.022000
msnv73,72,questions,16:07:50.032000,16:08:20.122000
msnv73,62,mmd,16:08:20.140000,16:08:41.985000
msnv73,62,questions,16:08:41.996000,16:09:05.152000
msnv73,74,mmd,16:09:05.171000,16:09:33.782000
msnv73,74,questions,16:09:33.792000,16:09:42.702000
msnv73,5,mmd,16:09:42.720000,16:10:18.234000
msnv73,5,questions,16:10:18.244000,16:10:38.098000
msnv73,76,mmd,16:10:38.116000,16:11:13.938000
msnv73,76,questions,16:11:13.948000,16:11:37.873000
msnv73,9,mmd,16:11:37.891000,16:12:14.363000
msnv73,9,questions,16:12:14.373000,16:12:32.609000
msnv73,66,mmd,16:12:32.627000,16:13:08.934000
msnv73,66,questions,16:13:08.943000,16:13:24.809000
msnv73,60,mmd,16:13:24.828000,16:13:39.810000
msnv73,60,questions,16:13:39.820000,16:13:49.751000
msnv82,3,mmd,11:06:02.892000,11:07:56.781000
msnv82,3,questions,11:07:56.796000,11:08:53.058000
msnv82,72,mmd,11:08:53.081000,11:10:14.494000
msnv82,72,questions,11:10:14.516000,11:10:38.312000
msnv82,62,mmd,11:10:38.331000,11:12:04.460000
msnv82,62,questions,11:12:04.470000,11:13:02.264000
msnv82,66,mmd,11:13:02.286000,11:14:29.399000
msnv82,66,questions,11:14:29.409000,11:14:40.472000
msnv82,74,mmd,11:14:40.489000,11:15:26.976000
msnv82,74,questions,11:15:26.987000,11:15:39.569000
msnv82,27,mmd,11:15:39.586000,11:16:46.305000
msnv82,27,questions,11:16:46.314000,11:17:10.170000
msnv82,20,mmd,11:17:10.189000,11:17:50.222000
msnv82,20,questions,11:17:50.233000,11:18:07.024000
msnv82,9,mmd,11:18:07.041000,11:19:07.809000
msnv82,9,questions,11:19:07.819000,11:19:38.923000
msnv82,76,mmd,11:19:38.942000,11:20:11.338000
msnv82,76,questions,11:20:11.349000,11:20:38.817000
msnv82,30,mmd,11:20:38.835000,11:21:24.535000
msnv82,30,questions,11:21:24.545000,11:21:39.730000
msnv82,60,mmd,11:21:39.748000,11:22:18.463000
msnv82,60,questions,11:22:18.474000,11:22:30.737000
msnv82,28,mmd,11:22:30.755000,11:23:40.993000
msnv82,28,questions,11:23:41.030000,11:23:59.905000
msnv82,5,mmd,11:23:59.923000,11:25:42.914000
msnv82,5,questions,11:25:42.929000,11:26:05.434000
msnv82,11,mmd,11:26:05.452000,11:26:44.979000
msnv82,11,questions,11:26:44.989000,11:27:39.161000
msnv81,27,mmd,12:42:40.436000,12:47:09.300000
msnv81,27,questions,12:47:09.310000,12:48:42.914000
msnv81,11,mmd,12:48:42.935000,12:51:44.241000
msnv81,11,questions,12:51:44.251000,12:52:29.583000
msnv81,76,mmd,12:52:29.601000,12:54:40.051000
msnv81,76,questions,12:54:40.067000,12:55:37.919000
msnv81,60,mmd,12:55:37.940000,12:57:55.208000
msnv81,60,questions,12:57:55.218000,12:59:12.013000
msnv81,28,mmd,12:59:12.036000,13:01:50.083000
msnv81,28,questions,13:01:50.093000,13:03:05.488000
msnv81,74,mmd,13:03:05.517000,13:04:51.276000
msnv81,74,questions,13:04:51.287000,13:05:23.727000
msnv81,62,mmd,13:05:23.745000,13:08:57.163000
msnv81,62,questions,13:08:57.197000,13:11:15.336000
msnv81,9,mmd,13:11:15.359000,13:12:56.609000
msnv81,9,questions,13:12:56.619000,13:13:57.071000
msnv81,66,mmd,13:13:57.097000,13:15:53.327000
msnv81,66,questions,13:15:53.338000,13:16:35.199000
msnv81,5,mmd,13:16:35.222000,13:20:56.608000
msnv81,5,questions,13:20:56.618000,13:22:25.833000
msnv81,30,mmd,13:22:25.856000,13:23:43.424000
msnv81,30,questions,13:23:43.435000,13:24:21.958000
msnv81,3,mmd,13:24:21.976000,13:27:35.002000
msnv81,3,questions,13:27:35.013000,13:29:05.849000
msnv81,72,mmd,13:29:05.875000,13:31:23.903000
msnv81,72,questions,13:31:23.913000,13:32:21.768000
msnv81,20,mmd,13:32:21.787000,13:34:35.002000
msnv81,20,questions,13:34:35.017000,13:35:42.689000
msnv84,74,mmd,14:18:46.897000,14:20:27.002000
msnv84,74,questions,14:20:27.011000,14:21:39.443000
msnv84,66,mmd,14:21:39.466000,14:23:31.474000
msnv84,66,questions,14:23:31.489000,14:23:53.634000
msnv84,72,mmd,14:23:53.652000,14:25:16.251000
msnv84,72,questions,14:25:16.271000,14:26:11.924000
msnv84,11,mmd,14:26:11.947000,14:27:45.868000
msnv84,11,questions,14:27:45.878000,14:28:26.293000
msnv84,27,mmd,14:28:26.312000,14:29:42.035000
msnv84,27,questions,14:29:42.045000,14:30:20.709000
msnv84,3,mmd,14:30:20.727000,14:32:43.018000
msnv84,3,questions,14:32:43.028000,14:34:16.740000
msnv84,20,mmd,14:34:16.758000,14:35:39.430000
msnv84,20,questions,14:35:39.442000,14:36:05.435000
msnv84,62,mmd,14:36:05.450000,14:38:18.047000
msnv84,62,questions,14:38:18.056000,14:39:31.325000
msnv84,5,mmd,14:39:31.348000,14:42:15.488000
msnv84,5,questions,14:42:15.499000,14:43:26.923000
msnv84,60,mmd,14:43:26.941000,14:44:23.665000
msnv84,60,questions,14:44:23.687000,14:45:15.381000
msnv84,76,mmd,14:45:15.399000,14:46:28.112000
msnv84,76,questions,14:46:28.122000,14:47:34.917000
msnv84,28,mmd,14:47:34.940000,14:48:28.649000
msnv84,28,questions,14:48:28.659000,14:49:07.732000
msnv84,30,mmd,14:49:07.750000,14:49:56.699000
msnv84,30,questions,14:49:56.709000,14:50:23.571000
msnv84,9,mmd,14:50:23.589000,14:51:46.562000
msnv84,9,questions,14:51:46.572000,14:52:23.837000
msnv83,5,mmd,15:32:28.837000,15:34:54.028000
msnv83,5,questions,15:34:54.038000,15:35:40.701000
msnv83,72,mmd,15:35:40.724000,15:37:15.028000
msnv83,72,questions,15:37:15.038000,15:37:35.877000
msnv83,28,mmd,15:37:35.894000,15:38:41.685000
msnv83,28,questions,15:38:41.697000,15:39:26.327000
msnv83,20,mmd,15:39:26.349000,15:39:52.768000
msnv83,20,questions,15:39:52.778000,15:40:00.333000
msnv83,62,mmd,15:40:00.351000,15:40:44.682000
msnv83,62,questions,15:40:44.693000,15:41:16.031000
msnv83,76,mmd,15:41:16.057000,15:41:57.133000
msnv83,76,questions,15:41:57.143000,15:42:12.951000
msnv83,74,mmd,15:42:12.969000,15:42:47.304000
msnv83,74,questions,15:42:47.315000,15:42:55.310000
msnv83,3,mmd,15:42:55.328000,15:44:07.986000
msnv83,3,questions,15:44:07.996000,15:44:23.991000
msnv83,27,mmd,15:44:24.004000,15:45:13.011000
msnv83,27,questions,15:45:13.021000,15:45:23.902000
msnv83,60,mmd,15:45:23.919000,15:45:52.492000
msnv83,60,questions,15:45:52.502000,15:46:04.438000
msnv83,66,mmd,15:46:04.456000,15:46:46.564000
msnv83,66,questions,15:46:46.574000,15:46:56.832000
msnv83,9,mmd,15:46:56.850000,15:47:37.264000
msnv83,9,questions,15:47:37.277000,15:47:54.238000
msnv83,30,mmd,15:47:54.256000,15:48:24.554000
msnv83,30,questions,15:48:24.563000,15:48:40.056000
msnv83,11,mmd,15:48:40.075000,15:49:23.294000
msnv83,11,questions,15:49:23.306000,15:49:49.815000
